Date,BidAsk,Vol,Open,High,Low,Close
2022-09-19 11:18:00,34,256,3899.25,3899.5,3899.25,3899.5
2022-09-19 11:18:02,-9,137,3899.25,3899.25,3899.25,3899.25
2022-09-19 11:18:04,49,122,3899.25,3899.5,3899.25,3899.5
2022-09-19 11:18:06,221,437,3899.75,3900.75,3899.75,3900.75
2022-09-19 11:18:08,100,517,3901.25,3901.75,3901.25,3901.75
2022-09-19 11:18:10,40,395,3901.25,3901.5,3901.25,3901.5
2022-09-19 11:18:12,-29,179,3901.5,3901.5,3901.5,3901.5
2022-09-19 11:18:14,246,927,3902.75,3902.75,3902.5,3902.5
2022-09-19 11:18:16,-105,511,3902.5,3902.5,3902.5,3902.5
2022-09-19 11:18:18,21,330,3901.5,3902.25,3901.5,3902.25
2022-09-19 11:18:20,6,394,3902.25,3902.25,3902.25,3902.25
2022-09-19 11:18:22,7,251,3902.5,3902.5,3902.25,3902.25
2022-09-19 11:18:24,-34,254,3902.5,3902.5,3902.25,3902.25
2022-09-19 11:18:26,11,299,3901.75,3902.25,3901.75,3902.25
2022-09-19 11:18:28,0,87,3902.0,3902.0,3902.0,3902.0
2022-09-19 11:18:30,-57,191,3902.25,3902.25,3902.0,3902.0
2022-09-19 11:18:32,-26,105,3902.0,3902.0,3901.5,3901.5
2022-09-19 11:18:34,1,101,3901.5,3901.5,3901.5,3901.5
2022-09-19 11:18:36,-8,54,3901.5,3901.5,3901.5,3901.5
2022-09-19 11:18:38,-22,332,3901.5,3901.5,3901.25,3901.25
2022-09-19 11:18:40,-30,317,3900.75,3900.75,3900.5,3900.5
2022-09-19 11:18:42,-52,355,3900.25,3900.25,3900.25,3900.25
2022-09-19 11:18:44,-122,505,3900.0,3900.0,3899.25,3899.25
2022-09-19 11:18:46,7,128,3899.0,3899.0,3898.75,3898.75
2022-09-19 11:18:48,-3,172,3898.75,3899.0,3898.75,3899.0
2022-09-19 11:18:50,16,86,3899.0,3899.25,3899.0,3899.25
2022-09-19 11:18:52,-30,175,3899.0,3899.0,3899.0,3899.0
2022-09-19 11:18:54,12,57,3898.75,3898.75,3898.75,3898.75
2022-09-19 11:18:56,-14,26,3899.0,3899.0,3898.75,3898.75
2022-09-19 11:18:58,-35,375,3898.5,3898.5,3898.5,3898.5
2022-09-19 11:19:00,-53,211,3898.0,3898.0,3897.75,3897.75
2022-09-19 11:19:02,4,377,3898.25,3898.5,3898.25,3898.5
2022-09-19 11:19:04,42,107,3898.5,3898.5,3898.5,3898.5
2022-09-19 11:19:06,-7,38,3898.5,3898.5,3898.5,3898.5
2022-09-19 11:19:08,-37,554,3898.25,3898.25,3898.25,3898.25
2022-09-19 11:19:10,-5,356,3898.25,3898.25,3898.0,3898.0
2022-09-19 11:19:12,-56,95,3897.75,3897.75,3897.75,3897.75
2022-09-19 11:19:14,-10,133,3897.25,3897.25,3897.25,3897.25
2022-09-19 11:19:16,-23,117,3897.25,3897.25,3897.0,3897.0
2022-09-19 11:19:18,1,55,3897.0,3897.0,3897.0,3897.0
2022-09-19 11:19:20,2,86,3897.0,3897.0,3896.75,3896.75
2022-09-19 11:19:22,0,111,3897.0,3897.0,3896.75,3896.75
2022-09-19 11:19:24,1,81,3896.75,3897.0,3896.75,3897.0
2022-09-19 11:19:26,-120,335,3897.0,3897.0,3896.5,3896.5
2022-09-19 11:19:28,-3,106,3896.5,3896.5,3896.25,3896.25
2022-09-19 11:19:30,-24,127,3896.25,3896.25,3896.25,3896.25
2022-09-19 11:19:32,3,123,3896.25,3896.25,3896.25,3896.25
2022-09-19 11:19:34,-5,92,3896.0,3896.0,3896.0,3896.0
2022-09-19 11:19:36,-33,139,3896.0,3896.0,3895.75,3895.75
2022-09-19 11:19:38,-11,69,3895.75,3895.75,3895.75,3895.75
2022-09-19 11:19:40,22,154,3895.5,3896.25,3895.5,3896.25
2022-09-19 11:19:42,-2,115,3896.25,3896.25,3896.0,3896.0
2022-09-19 11:19:44,-2,48,3896.0,3896.25,3896.0,3896.25
2022-09-19 11:19:46,40,316,3896.25,3896.5,3896.25,3896.5
2022-09-19 11:19:48,-3,116,3896.75,3896.75,3896.75,3896.75
2022-09-19 11:19:50,-16,390,3896.25,3896.5,3896.25,3896.5
2022-09-19 11:19:52,-35,126,3896.0,3896.25,3896.0,3896.25
2022-09-19 11:19:54,6,171,3896.0,3896.0,3895.75,3895.75
2022-09-19 11:19:56,5,21,3895.75,3895.75,3895.75,3895.75
2022-09-19 11:19:58,-11,96,3895.75,3895.75,3895.75,3895.75
2022-09-19 11:20:00,-29,214,3896.0,3896.0,3895.75,3895.75
2022-09-19 11:20:02,4,115,3895.5,3895.5,3895.5,3895.5
2022-09-19 11:20:04,19,81,3896.25,3896.25,3896.0,3896.0
2022-09-19 11:20:06,25,216,3896.0,3896.0,3896.0,3896.0
2022-09-19 11:20:08,-108,553,3896.0,3896.0,3896.0,3896.0
2022-09-19 11:20:10,-29,133,3895.0,3895.25,3895.0,3895.25
2022-09-19 11:20:12,-31,132,3895.25,3895.25,3895.25,3895.25
2022-09-19 11:20:14,9,110,3895.0,3895.0,3895.0,3895.0
2022-09-19 11:20:16,-51,81,3894.75,3894.75,3894.75,3894.75
2022-09-19 11:20:18,21,139,3894.75,3895.0,3894.75,3895.0
2022-09-19 11:20:20,-15,70,3894.75,3895.0,3894.75,3895.0
2022-09-19 11:20:22,6,78,3894.75,3895.0,3894.75,3895.0
2022-09-19 11:20:24,46,138,3895.25,3895.25,3895.25,3895.25
2022-09-19 11:20:26,-2,42,3895.0,3895.0,3895.0,3895.0
2022-09-19 11:20:28,-27,46,3895.0,3895.0,3895.0,3895.0
2022-09-19 11:20:30,-1,118,3895.0,3895.0,3894.75,3894.75
2022-09-19 11:20:32,0,32,3894.75,3894.75,3894.75,3894.75
2022-09-19 11:20:34,60,412,3895.75,3895.75,3895.5,3895.5
2022-09-19 11:20:36,-64,106,3894.75,3894.75,3894.25,3894.25
2022-09-19 11:20:38,-85,516,3894.25,3894.25,3894.0,3894.0
2022-09-19 11:20:40,24,167,3894.0,3894.0,3894.0,3894.0
2022-09-19 11:20:42,-13,80,3893.75,3893.75,3893.75,3893.75
2022-09-19 11:20:44,-6,106,3893.5,3893.5,3893.5,3893.5
2022-09-19 11:20:46,-24,144,3893.25,3893.25,3893.25,3893.25
2022-09-19 11:20:48,-5,198,3893.5,3893.75,3893.5,3893.75
2022-09-19 11:20:50,-59,212,3893.75,3893.75,3893.75,3893.75
2022-09-19 11:20:52,37,434,3893.75,3893.75,3893.75,3893.75
2022-09-19 11:20:54,17,103,3894.0,3894.0,3894.0,3894.0
2022-09-19 11:20:56,1,45,3893.75,3893.75,3893.5,3893.5
2022-09-19 11:20:58,-15,142,3893.75,3893.75,3893.5,3893.5
2022-09-19 11:21:00,1,145,3893.75,3893.75,3893.5,3893.5
2022-09-19 11:21:02,-20,71,3893.5,3893.5,3893.25,3893.25
2022-09-19 11:21:04,-102,399,3893.5,3893.5,3893.25,3893.25
2022-09-19 11:21:06,-6,306,3893.0,3893.0,3893.0,3893.0
2022-09-19 11:21:08,-33,194,3892.75,3892.75,3892.5,3892.5
2022-09-19 11:21:10,-97,449,3892.25,3892.25,3891.75,3891.75
2022-09-19 11:21:12,-1,123,3891.75,3892.0,3891.75,3892.0
2022-09-19 11:21:14,-15,98,3891.75,3891.75,3891.75,3891.75
2022-09-19 11:21:16,16,225,3891.5,3891.75,3891.5,3891.75
2022-09-19 11:21:18,-101,216,3891.75,3891.75,3891.5,3891.5
2022-09-19 11:21:20,-28,271,3891.5,3891.5,3891.25,3891.25
2022-09-19 11:21:22,21,136,3891.75,3891.75,3891.75,3891.75
2022-09-19 11:21:24,26,130,3891.5,3891.5,3891.5,3891.5
2022-09-19 11:21:26,-22,623,3891.5,3891.5,3891.5,3891.5
2022-09-19 11:21:28,-22,142,3891.25,3891.25,3891.25,3891.25
2022-09-19 11:21:30,17,320,3891.5,3891.75,3891.5,3891.75
2022-09-19 11:21:32,58,195,3891.75,3891.75,3891.5,3891.5
2022-09-19 11:21:34,-30,138,3891.5,3891.5,3891.5,3891.5
2022-09-19 11:21:36,-11,178,3891.5,3891.5,3891.5,3891.5
2022-09-19 11:21:38,-21,296,3891.25,3891.25,3891.0,3891.0
2022-09-19 11:21:40,4,163,3891.25,3891.5,3891.25,3891.5
2022-09-19 11:21:42,2,46,3891.25,3891.25,3891.25,3891.25
2022-09-19 11:21:44,-46,154,3891.0,3891.25,3891.0,3891.25
2022-09-19 11:21:46,25,276,3891.0,3891.0,3891.0,3891.0
2022-09-19 11:21:48,-13,307,3891.0,3891.25,3891.0,3891.25
2022-09-19 11:21:50,5,231,3891.5,3891.5,3891.5,3891.5
2022-09-19 11:21:52,-112,340,3891.25,3891.25,3891.25,3891.25
2022-09-19 11:21:54,-72,341,3891.0,3891.0,3890.75,3890.75
2022-09-19 11:21:56,-83,111,3891.0,3891.0,3890.5,3890.5
2022-09-19 11:21:58,35,239,3891.0,3891.0,3891.0,3891.0
2022-09-19 11:22:00,-40,173,3891.0,3891.0,3891.0,3891.0
2022-09-19 11:22:02,-42,398,3891.25,3891.5,3891.25,3891.5
2022-09-19 11:22:04,63,268,3891.5,3891.5,3891.5,3891.5
2022-09-19 11:22:06,-3,110,3891.75,3891.75,3891.75,3891.75
2022-09-19 11:22:08,21,198,3891.75,3892.0,3891.75,3892.0
2022-09-19 11:22:10,98,407,3892.5,3892.75,3892.5,3892.75
2022-09-19 11:22:12,-20,140,3892.25,3892.25,3892.25,3892.25
2022-09-19 11:22:14,19,139,3892.25,3892.25,3892.0,3892.0
2022-09-19 11:22:16,-13,255,3892.25,3892.25,3892.25,3892.25
2022-09-19 11:22:18,18,60,3892.0,3892.0,3892.0,3892.0
2022-09-19 11:22:20,214,394,3892.75,3892.75,3892.5,3892.5
2022-09-19 11:22:22,-13,58,3892.5,3892.5,3892.5,3892.5
2022-09-19 11:22:24,-73,322,3892.25,3892.25,3892.25,3892.25
2022-09-19 11:22:26,-45,234,3892.5,3892.5,3892.5,3892.5
2022-09-19 11:22:28,1,92,3892.5,3892.5,3892.25,3892.25
2022-09-19 11:22:30,-40,127,3892.0,3892.0,3891.5,3891.5
2022-09-19 11:22:32,-2,45,3892.0,3892.0,3892.0,3892.0
2022-09-19 11:22:34,17,70,3892.0,3892.0,3892.0,3892.0
2022-09-19 11:22:36,-15,19,3891.75,3891.75,3891.75,3891.75
2022-09-19 11:22:38,5,75,3891.75,3892.0,3891.75,3892.0
2022-09-19 11:22:40,15,104,3892.0,3892.25,3892.0,3892.25
2022-09-19 11:22:42,-18,65,3892.0,3892.25,3892.0,3892.25
2022-09-19 11:22:44,5,97,3891.75,3892.0,3891.75,3892.0
2022-09-19 11:22:46,-8,33,3892.0,3892.0,3892.0,3892.0
2022-09-19 11:22:48,-2,62,3891.75,3892.0,3891.75,3892.0
2022-09-19 11:22:50,-43,111,3892.25,3892.25,3892.25,3892.25
2022-09-19 11:22:52,36,223,3892.25,3892.25,3892.25,3892.25
2022-09-19 11:22:54,-39,149,3892.25,3892.5,3892.25,3892.5
2022-09-19 11:22:56,-41,102,3892.25,3892.25,3892.25,3892.25
2022-09-19 11:22:58,156,505,3892.75,3893.75,3892.75,3893.75
2022-09-19 11:23:00,1,102,3893.5,3893.5,3893.0,3893.0
2022-09-19 11:23:02,-58,82,3892.75,3892.75,3892.25,3892.25
2022-09-19 11:23:04,41,223,3892.25,3892.25,3892.0,3892.0
2022-09-19 11:23:06,-40,118,3892.25,3892.25,3892.25,3892.25
2022-09-19 11:23:08,-20,75,3892.0,3892.0,3892.0,3892.0
2022-09-19 11:23:10,-25,141,3892.0,3892.0,3891.75,3891.75
2022-09-19 11:23:12,-98,163,3891.5,3891.5,3891.25,3891.25
2022-09-19 11:23:14,-37,132,3891.5,3891.5,3891.5,3891.5
2022-09-19 11:23:16,-51,222,3891.25,3891.25,3891.25,3891.25
2022-09-19 11:23:18,1,89,3891.0,3891.0,3891.0,3891.0
2022-09-19 11:23:20,-4,77,3891.25,3891.25,3891.0,3891.0
2022-09-19 11:23:22,-12,79,3891.25,3891.25,3891.25,3891.25
2022-09-19 11:23:24,-11,72,3891.0,3891.0,3891.0,3891.0
2022-09-19 11:23:26,-40,164,3891.0,3891.25,3891.0,3891.25
2022-09-19 11:23:28,19,93,3891.25,3891.25,3891.25,3891.25
2022-09-19 11:23:30,-26,90,3891.25,3891.25,3891.25,3891.25
2022-09-19 11:23:32,8,75,3891.25,3891.25,3891.0,3891.0
2022-09-19 11:23:34,14,98,3891.25,3891.25,3891.25,3891.25
2022-09-19 11:23:36,-14,61,3891.25,3891.5,3891.25,3891.5
2022-09-19 11:23:38,64,319,3892.25,3892.75,3892.25,3892.75
2022-09-19 11:23:40,19,312,3893.25,3893.5,3893.25,3893.5
2022-09-19 11:23:42,-4,63,3893.0,3893.0,3892.75,3892.75
2022-09-19 11:23:44,0,68,3892.5,3892.5,3892.5,3892.5
2022-09-19 11:23:46,9,55,3892.75,3893.0,3892.75,3893.0
2022-09-19 11:23:48,-9,97,3893.25,3893.25,3893.0,3893.0
2022-09-19 11:23:50,-10,67,3893.0,3893.0,3892.75,3892.75
2022-09-19 11:23:52,32,144,3892.5,3892.75,3892.5,3892.75
2022-09-19 11:23:54,10,111,3892.5,3892.75,3892.5,3892.75
2022-09-19 11:23:56,1,18,3892.75,3892.75,3892.75,3892.75
2022-09-19 11:23:58,7,74,3893.0,3893.0,3893.0,3893.0
2022-09-19 11:24:00,-33,269,3893.5,3893.5,3893.25,3893.25
2022-09-19 11:24:02,6,44,3893.5,3893.5,3893.5,3893.5
2022-09-19 11:24:04,5,136,3893.5,3893.5,3893.5,3893.5
2022-09-19 11:24:06,6,123,3893.75,3894.0,3893.75,3894.0
2022-09-19 11:24:08,-32,177,3893.5,3893.5,3893.25,3893.25
2022-09-19 11:24:10,-47,179,3893.0,3893.0,3892.75,3892.75
2022-09-19 11:24:12,-12,47,3892.25,3892.25,3892.25,3892.25
2022-09-19 11:24:14,43,368,3892.25,3892.5,3892.25,3892.5
2022-09-19 11:24:16,-17,360,3892.75,3893.0,3892.75,3893.0
2022-09-19 11:24:18,17,38,3892.75,3892.75,3892.75,3892.75
2022-09-19 11:24:20,-19,112,3892.5,3892.75,3892.5,3892.75
2022-09-19 11:24:22,-1,99,3893.0,3893.0,3892.75,3892.75
2022-09-19 11:24:24,-87,211,3892.75,3892.75,3892.0,3892.0
2022-09-19 11:24:26,-14,58,3892.0,3892.0,3892.0,3892.0
2022-09-19 11:24:28,-18,220,3891.75,3891.75,3891.25,3891.25
2022-09-19 11:24:30,-33,119,3891.0,3891.0,3891.0,3891.0
2022-09-19 11:24:32,-18,141,3890.75,3890.75,3890.5,3890.5
2022-09-19 11:24:34,10,152,3891.0,3891.0,3891.0,3891.0
2022-09-19 11:24:36,-61,605,3891.0,3891.5,3891.0,3891.5
2022-09-19 11:24:38,-30,101,3891.0,3891.0,3890.75,3890.75
2022-09-19 11:24:40,-23,124,3890.5,3890.5,3890.5,3890.5
2022-09-19 11:24:42,7,44,3890.5,3890.75,3890.5,3890.75
2022-09-19 11:24:44,0,38,3891.0,3891.0,3891.0,3891.0
2022-09-19 11:24:46,-22,104,3891.0,3891.0,3890.75,3890.75
2022-09-19 11:24:48,-61,260,3891.0,3891.25,3891.0,3891.25
2022-09-19 11:24:50,-358,608,3890.75,3890.75,3890.0,3890.0
2022-09-19 11:24:52,-441,2539,3889.75,3889.75,3889.5,3889.5
2022-09-19 11:24:54,0,333,3889.5,3889.5,3889.5,3889.5
2022-09-19 11:24:56,46,356,3889.75,3889.75,3889.75,3889.75
2022-09-19 11:24:58,-15,397,3889.5,3890.0,3889.5,3890.0
2022-09-19 11:25:00,-40,330,3889.75,3889.75,3889.25,3889.25
2022-09-19 11:25:02,-13,233,3889.5,3889.75,3889.5,3889.75
2022-09-19 11:25:04,56,180,3889.75,3889.75,3889.75,3889.75
2022-09-19 11:25:06,-33,154,3889.5,3890.0,3889.5,3890.0
2022-09-19 11:25:08,-10,33,3890.0,3890.0,3889.75,3889.75
2022-09-19 11:25:10,-2,189,3889.75,3890.0,3889.75,3890.0
2022-09-19 11:25:12,-129,506,3889.5,3889.5,3889.0,3889.0
2022-09-19 11:25:14,-13,170,3888.75,3889.0,3888.75,3889.0
2022-09-19 11:25:16,-9,348,3888.75,3888.75,3888.5,3888.5
2022-09-19 11:25:18,-42,392,3888.25,3888.25,3888.25,3888.25
2022-09-19 11:25:20,4,99,3888.0,3888.5,3888.0,3888.5
2022-09-19 11:25:22,19,268,3888.5,3888.5,3888.5,3888.5
2022-09-19 11:25:24,-9,148,3888.5,3888.5,3888.5,3888.5
2022-09-19 11:25:26,1,85,3888.75,3888.75,3888.75,3888.75
2022-09-19 11:25:28,85,366,3889.0,3890.0,3889.0,3890.0
2022-09-19 11:25:30,-41,728,3891.0,3891.0,3890.75,3890.75
2022-09-19 11:25:32,15,178,3890.25,3890.5,3890.25,3890.5
2022-09-19 11:25:34,-22,136,3890.5,3890.75,3890.5,3890.75
2022-09-19 11:25:36,3,140,3890.75,3890.75,3890.75,3890.75
2022-09-19 11:25:38,70,203,3891.0,3891.25,3891.0,3891.25
2022-09-19 11:25:40,-61,300,3891.25,3891.25,3891.0,3891.0
2022-09-19 11:25:42,-27,180,3890.75,3890.75,3890.5,3890.5
2022-09-19 11:25:44,-20,121,3890.25,3890.25,3890.25,3890.25
2022-09-19 11:25:46,1,85,3890.5,3890.5,3890.5,3890.5
2022-09-19 11:25:48,2,151,3890.25,3890.25,3890.25,3890.25
2022-09-19 11:25:50,2,71,3890.25,3890.25,3890.25,3890.25
2022-09-19 11:25:52,34,79,3890.5,3890.5,3890.5,3890.5
2022-09-19 11:25:54,-61,202,3890.25,3890.25,3890.0,3890.0
2022-09-19 11:25:56,-8,57,3889.0,3889.25,3889.0,3889.25
2022-09-19 11:25:58,-20,104,3889.25,3889.25,3889.25,3889.25
2022-09-19 11:26:00,-83,523,3888.75,3888.75,3888.5,3888.5
2022-09-19 11:26:02,0,176,3888.75,3889.0,3888.75,3889.0
2022-09-19 11:26:04,-5,52,3888.75,3888.75,3888.5,3888.5
2022-09-19 11:26:06,-47,278,3888.5,3888.5,3888.25,3888.25
2022-09-19 11:26:08,-258,639,3888.0,3888.0,3888.0,3888.0
2022-09-19 11:26:10,-8,75,3888.25,3888.25,3888.0,3888.0
2022-09-19 11:26:12,-32,152,3888.0,3888.0,3887.5,3887.5
2022-09-19 11:26:14,6,95,3888.0,3888.0,3888.0,3888.0
2022-09-19 11:26:16,59,262,3888.25,3888.75,3888.25,3888.75
2022-09-19 11:26:18,-1,246,3888.5,3888.5,3888.5,3888.5
2022-09-19 11:26:20,-11,70,3888.25,3888.25,3888.25,3888.25
2022-09-19 11:26:22,-1,7,3888.0,3888.25,3888.0,3888.25
2022-09-19 11:26:24,-41,139,3888.25,3888.25,3888.0,3888.0
2022-09-19 11:26:26,-313,697,3888.0,3888.0,3888.0,3888.0
2022-09-19 11:26:28,16,54,3887.5,3887.5,3887.5,3887.5
2022-09-19 11:26:30,-39,237,3887.5,3887.5,3887.25,3887.25
2022-09-19 11:26:32,9,98,3887.0,3887.0,3887.0,3887.0
2022-09-19 11:26:34,-27,207,3887.25,3887.25,3886.75,3886.75
2022-09-19 11:26:36,10,295,3887.0,3887.5,3887.0,3887.5
2022-09-19 11:26:38,4,174,3887.25,3887.25,3886.75,3886.75
2022-09-19 11:26:40,-8,101,3887.0,3887.0,3886.75,3886.75
2022-09-19 11:26:42,7,181,3886.75,3887.0,3886.75,3887.0
2022-09-19 11:26:44,36,176,3887.25,3887.25,3887.25,3887.25
2022-09-19 11:26:46,46,124,3887.25,3887.5,3887.25,3887.5
2022-09-19 11:26:48,3,392,3887.5,3887.75,3887.5,3887.75
2022-09-19 11:26:50,10,78,3887.5,3887.75,3887.5,3887.75
2022-09-19 11:26:52,19,64,3887.75,3887.75,3887.75,3887.75
2022-09-19 11:26:54,14,47,3887.75,3887.75,3887.75,3887.75
2022-09-19 11:26:56,-57,175,3887.75,3887.75,3887.5,3887.5
2022-09-19 11:26:58,7,91,3887.25,3887.5,3887.25,3887.5
2022-09-19 11:27:00,11,370,3887.25,3887.25,3887.0,3887.0
2022-09-19 11:27:02,-6,78,3887.25,3887.25,3887.25,3887.25
2022-09-19 11:27:04,11,94,3887.25,3887.25,3887.25,3887.25
2022-09-19 11:27:06,37,220,3887.25,3887.5,3887.25,3887.5
2022-09-19 11:27:08,13,64,3887.25,3887.5,3887.25,3887.5
2022-09-19 11:27:10,0,121,3887.5,3887.5,3887.5,3887.5
2022-09-19 11:27:12,17,116,3887.75,3887.75,3887.75,3887.75
2022-09-19 11:27:14,-43,109,3887.75,3887.75,3887.5,3887.5
2022-09-19 11:27:16,-37,122,3887.25,3887.25,3887.0,3887.0
2022-09-19 11:27:18,-56,135,3887.0,3887.0,3886.5,3886.5
2022-09-19 11:27:20,-41,245,3886.5,3886.5,3886.25,3886.25
2022-09-19 11:27:22,26,209,3887.0,3887.0,3886.75,3886.75
2022-09-19 11:27:24,35,99,3886.5,3886.5,3886.5,3886.5
2022-09-19 11:27:26,-16,89,3886.75,3886.75,3886.75,3886.75
2022-09-19 11:27:28,6,116,3887.0,3887.0,3886.75,3886.75
2022-09-19 11:27:30,8,73,3886.5,3886.75,3886.5,3886.75
2022-09-19 11:27:32,23,64,3887.0,3887.0,3887.0,3887.0
2022-09-19 11:27:34,28,164,3887.25,3887.25,3887.25,3887.25
2022-09-19 11:27:36,-102,126,3887.25,3887.25,3886.75,3886.75
2022-09-19 11:27:38,-40,175,3886.5,3886.75,3886.5,3886.75
2022-09-19 11:27:40,-10,134,3886.5,3886.5,3886.25,3886.25
2022-09-19 11:27:42,-18,38,3886.25,3886.25,3886.25,3886.25
2022-09-19 11:27:44,-13,305,3886.25,3886.25,3886.0,3886.0
2022-09-19 11:27:46,10,116,3886.0,3886.25,3886.0,3886.25
2022-09-19 11:27:48,-19,41,3886.25,3886.25,3886.25,3886.25
2022-09-19 11:27:50,-1,102,3886.25,3886.25,3886.25,3886.25
2022-09-19 11:27:52,1,52,3886.0,3886.0,3886.0,3886.0
2022-09-19 11:27:54,-8,251,3886.0,3886.25,3886.0,3886.25
2022-09-19 11:27:56,-2,61,3886.25,3886.25,3886.25,3886.25
2022-09-19 11:27:58,12,18,3886.25,3886.25,3886.25,3886.25
2022-09-19 11:28:00,37,272,3886.25,3886.5,3886.25,3886.5
2022-09-19 11:28:02,-40,92,3886.5,3886.5,3886.0,3886.0
2022-09-19 11:28:04,-74,245,3886.0,3886.0,3885.5,3885.5
2022-09-19 11:28:06,-11,83,3885.75,3885.75,3885.75,3885.75
2022-09-19 11:28:08,-4,49,3885.5,3885.5,3885.5,3885.5
2022-09-19 11:28:10,-23,45,3885.25,3885.5,3885.25,3885.5
2022-09-19 11:28:12,4,53,3885.25,3885.5,3885.25,3885.5
2022-09-19 11:28:14,-20,63,3885.5,3885.5,3885.25,3885.25
2022-09-19 11:28:16,8,37,3885.5,3885.5,3885.5,3885.5
2022-09-19 11:28:18,3,144,3885.5,3885.5,3885.5,3885.5
2022-09-19 11:28:20,20,89,3885.75,3885.75,3885.75,3885.75
2022-09-19 11:28:22,-259,539,3885.75,3885.75,3885.5,3885.5
2022-09-19 11:28:24,49,210,3885.25,3885.75,3885.25,3885.75
2022-09-19 11:28:26,-1,96,3886.0,3886.0,3885.75,3885.75
2022-09-19 11:28:28,34,92,3886.0,3886.0,3886.0,3886.0
2022-09-19 11:28:30,50,153,3886.25,3886.25,3886.0,3886.0
2022-09-19 11:28:32,-44,165,3886.0,3886.0,3885.75,3885.75
2022-09-19 11:28:34,0,33,3885.75,3885.75,3885.75,3885.75
2022-09-19 11:28:36,28,79,3885.75,3885.75,3885.75,3885.75
2022-09-19 11:28:38,-7,116,3885.75,3885.75,3885.75,3885.75
2022-09-19 11:28:40,3,103,3885.75,3885.75,3885.75,3885.75
2022-09-19 11:28:42,1,168,3886.0,3886.0,3886.0,3886.0
2022-09-19 11:28:44,19,48,3885.75,3886.0,3885.75,3886.0
2022-09-19 11:28:46,-17,118,3886.0,3886.0,3885.5,3885.5
2022-09-19 11:28:48,16,68,3885.5,3885.75,3885.5,3885.75
2022-09-19 11:28:50,-50,116,3885.25,3885.5,3885.25,3885.5
2022-09-19 11:28:52,52,154,3886.0,3886.0,3886.0,3886.0
2022-09-19 11:28:54,-20,123,3886.0,3886.0,3885.5,3885.5
2022-09-19 11:28:56,-3,90,3885.25,3885.5,3885.25,3885.5
2022-09-19 11:28:58,3,82,3885.5,3885.5,3885.25,3885.25
2022-09-19 11:29:00,-34,273,3885.25,3885.25,3885.0,3885.0
2022-09-19 11:29:02,-11,307,3884.75,3884.75,3884.75,3884.75
2022-09-19 11:29:04,0,125,3884.75,3884.75,3884.75,3884.75
2022-09-19 11:29:06,41,179,3885.0,3885.25,3885.0,3885.25
2022-09-19 11:29:08,15,106,3885.25,3885.25,3885.25,3885.25
2022-09-19 11:29:10,-7,149,3885.0,3885.0,3884.75,3884.75
2022-09-19 11:29:12,0,6,3884.75,3884.75,3884.75,3884.75
2022-09-19 11:29:14,-35,152,3884.5,3884.5,3884.25,3884.25
2022-09-19 11:29:16,-15,101,3884.5,3884.5,3884.5,3884.5
2022-09-19 11:29:18,-25,185,3884.25,3884.25,3884.0,3884.0
2022-09-19 11:29:20,16,256,3884.0,3884.0,3884.0,3884.0
2022-09-19 11:29:22,20,213,3884.5,3884.5,3884.5,3884.5
2022-09-19 11:29:24,-57,316,3884.5,3884.5,3884.25,3884.25
2022-09-19 11:29:26,12,156,3884.5,3884.5,3884.5,3884.5
2022-09-19 11:29:28,24,68,3884.5,3884.5,3884.5,3884.5
2022-09-19 11:29:30,-13,117,3884.5,3884.5,3884.5,3884.5
2022-09-19 11:29:32,8,13,3884.25,3884.25,3884.25,3884.25
2022-09-19 11:29:34,-16,95,3884.0,3884.0,3884.0,3884.0
2022-09-19 11:29:36,12,110,3884.0,3884.0,3884.0,3884.0
2022-09-19 11:29:38,133,311,3884.5,3884.75,3884.5,3884.75
2022-09-19 11:29:40,34,175,3884.5,3884.5,3884.5,3884.5
2022-09-19 11:29:42,5,69,3884.75,3884.75,3884.5,3884.5
2022-09-19 11:29:44,66,241,3885.0,3885.0,3884.75,3884.75
2022-09-19 11:29:46,18,129,3884.75,3884.75,3884.75,3884.75
2022-09-19 11:29:48,-7,79,3884.75,3884.75,3884.75,3884.75
2022-09-19 11:29:50,-9,179,3884.75,3884.75,3884.75,3884.75
2022-09-19 11:29:52,-3,82,3885.0,3885.0,3885.0,3885.0
2022-09-19 11:29:54,-24,45,3885.0,3885.0,3884.75,3884.75
2022-09-19 11:29:56,-23,287,3884.5,3884.5,3884.25,3884.25
2022-09-19 11:29:58,-21,63,3884.0,3884.0,3884.0,3884.0
2022-09-19 11:30:00,-28,284,3883.75,3883.75,3883.75,3883.75
2022-09-19 11:30:02,19,177,3883.75,3883.75,3883.75,3883.75
2022-09-19 11:30:04,-10,98,3884.0,3884.0,3883.75,3883.75
2022-09-19 11:30:06,-123,441,3883.5,3883.5,3883.5,3883.5
2022-09-19 11:30:08,-11,94,3883.5,3883.5,3883.5,3883.5
2022-09-19 11:30:10,16,70,3883.5,3883.75,3883.5,3883.75
2022-09-19 11:30:12,-13,79,3884.0,3884.0,3883.75,3883.75
2022-09-19 11:30:14,21,157,3883.75,3883.75,3883.5,3883.5
2022-09-19 11:30:16,9,123,3883.5,3883.75,3883.5,3883.75
2022-09-19 11:30:18,19,98,3883.75,3884.0,3883.75,3884.0
2022-09-19 11:30:20,-1,93,3884.0,3884.0,3884.0,3884.0
2022-09-19 11:30:22,58,188,3884.0,3884.25,3884.0,3884.25
2022-09-19 11:30:24,42,81,3884.5,3884.5,3884.5,3884.5
2022-09-19 11:30:26,-18,152,3884.5,3884.5,3884.5,3884.5
2022-09-19 11:30:28,-34,238,3884.0,3884.0,3884.0,3884.0
2022-09-19 11:30:30,27,75,3884.0,3884.0,3884.0,3884.0
2022-09-19 11:30:32,-23,114,3884.25,3884.25,3884.0,3884.0
2022-09-19 11:30:34,69,232,3883.75,3884.25,3883.75,3884.25
2022-09-19 11:30:36,22,113,3884.0,3884.25,3884.0,3884.25
2022-09-19 11:30:38,-24,161,3884.75,3884.75,3884.25,3884.25
2022-09-19 11:30:40,45,114,3884.0,3884.0,3884.0,3884.0
2022-09-19 11:30:42,-30,122,3884.0,3884.0,3883.75,3883.75
2022-09-19 11:30:44,2,252,3883.75,3883.75,3883.75,3883.75
2022-09-19 11:30:46,39,74,3883.75,3884.25,3883.75,3884.25
2022-09-19 11:30:48,5,251,3884.25,3884.5,3884.25,3884.5
2022-09-19 11:30:50,33,89,3884.5,3884.5,3884.5,3884.5
2022-09-19 11:30:52,-28,164,3884.5,3884.5,3884.5,3884.5
2022-09-19 11:30:54,19,69,3884.25,3884.25,3884.25,3884.25
2022-09-19 11:30:56,-14,172,3884.0,3884.25,3884.0,3884.25
2022-09-19 11:30:58,-15,116,3884.0,3884.25,3884.0,3884.25
2022-09-19 11:31:00,-48,394,3884.25,3884.25,3883.5,3883.5
2022-09-19 11:31:02,-28,102,3883.0,3883.0,3883.0,3883.0
2022-09-19 11:31:04,-20,218,3883.0,3883.0,3883.0,3883.0
2022-09-19 11:31:06,-132,779,3883.0,3883.0,3881.75,3881.75
2022-09-19 11:31:08,-43,589,3881.5,3881.75,3881.5,3881.75
2022-09-19 11:31:10,-40,582,3881.5,3881.5,3880.75,3880.75
2022-09-19 11:31:12,-59,429,3881.0,3881.0,3881.0,3881.0
2022-09-19 11:31:14,36,240,3881.0,3881.0,3881.0,3881.0
2022-09-19 11:31:16,17,164,3881.0,3881.0,3881.0,3881.0
2022-09-19 11:31:18,-13,248,3880.75,3881.0,3880.75,3881.0
2022-09-19 11:31:20,13,86,3880.75,3880.75,3880.75,3880.75
2022-09-19 11:31:22,14,219,3881.0,3881.0,3881.0,3881.0
2022-09-19 11:31:24,-13,164,3881.0,3881.0,3880.75,3880.75
2022-09-19 11:31:26,-19,307,3880.5,3880.75,3880.5,3880.75
2022-09-19 11:31:28,0,95,3880.75,3880.75,3880.75,3880.75
2022-09-19 11:31:30,-7,174,3880.75,3880.75,3880.25,3880.25
2022-09-19 11:31:32,-18,162,3880.5,3880.5,3880.25,3880.25
2022-09-19 11:31:34,-136,372,3880.25,3880.25,3879.5,3879.5
2022-09-19 11:31:36,-19,184,3879.75,3879.75,3879.75,3879.75
2022-09-19 11:31:38,-19,139,3879.5,3879.5,3879.5,3879.5
2022-09-19 11:31:40,7,167,3879.25,3879.25,3879.25,3879.25
2022-09-19 11:31:42,27,123,3879.5,3879.5,3879.5,3879.5
2022-09-19 11:31:44,9,108,3879.5,3879.5,3879.25,3879.25
2022-09-19 11:31:46,33,435,3879.75,3879.75,3879.75,3879.75
2022-09-19 11:31:48,14,193,3879.75,3879.75,3879.25,3879.25
2022-09-19 11:31:50,1,128,3879.25,3879.5,3879.25,3879.5
2022-09-19 11:31:52,41,178,3879.25,3880.0,3879.25,3880.0
2022-09-19 11:31:54,55,242,3880.25,3880.5,3880.25,3880.5
2022-09-19 11:31:56,14,185,3880.75,3880.75,3880.75,3880.75
2022-09-19 11:31:58,-35,277,3880.5,3880.5,3880.5,3880.5
2022-09-19 11:32:00,-34,271,3879.75,3879.75,3879.5,3879.5
2022-09-19 11:32:02,27,146,3879.5,3879.5,3879.5,3879.5
2022-09-19 11:32:04,26,99,3879.75,3880.5,3879.75,3880.5
2022-09-19 11:32:06,-4,119,3880.5,3880.5,3880.25,3880.25
2022-09-19 11:32:08,40,213,3881.0,3881.0,3881.0,3881.0
2022-09-19 11:32:10,33,383,3881.0,3881.5,3881.0,3881.5
2022-09-19 11:32:12,54,249,3881.75,3882.0,3881.75,3882.0
2022-09-19 11:32:14,-4,133,3881.75,3881.75,3881.75,3881.75
2022-09-19 11:32:16,2,202,3881.25,3881.25,3881.0,3881.0
2022-09-19 11:32:18,-7,122,3881.25,3881.5,3881.25,3881.5
2022-09-19 11:32:20,-6,174,3881.75,3881.75,3881.75,3881.75
2022-09-19 11:32:22,13,185,3881.25,3881.75,3881.25,3881.75
2022-09-19 11:32:24,40,298,3881.75,3882.0,3881.75,3882.0
2022-09-19 11:32:26,-5,232,3882.5,3882.5,3882.0,3882.0
2022-09-19 11:32:28,-10,81,3882.0,3882.0,3881.75,3881.75
2022-09-19 11:32:30,20,209,3882.0,3882.25,3882.0,3882.25
2022-09-19 11:32:32,2,102,3882.25,3882.25,3882.0,3882.0
2022-09-19 11:32:34,-3,103,3882.25,3882.25,3882.25,3882.25
2022-09-19 11:32:36,-44,122,3882.25,3882.25,3882.0,3882.0
2022-09-19 11:32:38,-24,93,3881.5,3881.5,3881.5,3881.5
2022-09-19 11:32:40,-83,182,3881.25,3881.25,3881.0,3881.0
2022-09-19 11:32:42,-2,11,3881.0,3881.0,3880.75,3880.75
2022-09-19 11:32:44,34,182,3881.0,3881.25,3881.0,3881.25
2022-09-19 11:32:46,8,36,3881.25,3881.25,3881.25,3881.25
2022-09-19 11:32:48,-11,189,3881.5,3881.5,3881.5,3881.5
2022-09-19 11:32:50,-2,53,3881.5,3881.5,3881.5,3881.5
2022-09-19 11:32:52,-27,96,3881.25,3881.25,3881.0,3881.0
2022-09-19 11:32:54,-21,331,3880.75,3881.0,3880.75,3881.0
2022-09-19 11:32:56,97,507,3881.5,3881.5,3881.5,3881.5
2022-09-19 11:32:58,-3,57,3881.75,3881.75,3881.5,3881.5
2022-09-19 11:33:00,-14,118,3881.75,3881.75,3881.5,3881.5
2022-09-19 11:33:02,40,237,3881.5,3881.75,3881.5,3881.75
2022-09-19 11:33:04,-3,48,3882.0,3882.0,3882.0,3882.0
2022-09-19 11:33:06,84,329,3882.25,3883.0,3882.25,3883.0
2022-09-19 11:33:08,-34,266,3882.75,3882.75,3882.75,3882.75
2022-09-19 11:33:10,4,157,3882.75,3882.75,3882.75,3882.75
2022-09-19 11:33:12,-35,279,3882.25,3882.25,3882.0,3882.0
2022-09-19 11:33:14,2,58,3882.5,3882.5,3882.25,3882.25
2022-09-19 11:33:16,-37,119,3882.25,3882.25,3882.25,3882.25
2022-09-19 11:33:18,-26,168,3882.25,3882.25,3881.75,3881.75
2022-09-19 11:33:20,-5,71,3882.0,3882.0,3882.0,3882.0
2022-09-19 11:33:22,-11,68,3882.0,3882.0,3882.0,3882.0
2022-09-19 11:33:24,-10,104,3882.0,3882.0,3881.75,3881.75
2022-09-19 11:33:26,-2,137,3882.0,3882.25,3882.0,3882.25
2022-09-19 11:33:28,-4,193,3882.5,3882.5,3882.5,3882.5
2022-09-19 11:33:30,6,200,3882.25,3882.25,3882.25,3882.25
2022-09-19 11:33:32,9,43,3882.5,3882.75,3882.5,3882.75
2022-09-19 11:33:34,10,163,3882.75,3882.75,3882.75,3882.75
2022-09-19 11:33:36,5,89,3882.75,3883.0,3882.75,3883.0
2022-09-19 11:33:38,25,272,3882.75,3883.25,3882.75,3883.25
2022-09-19 11:33:40,20,142,3883.25,3883.25,3883.25,3883.25
2022-09-19 11:33:42,90,400,3883.5,3884.0,3883.5,3884.0
2022-09-19 11:33:44,-43,245,3883.75,3883.75,3883.5,3883.5
2022-09-19 11:33:46,18,177,3883.5,3883.5,3883.5,3883.5
2022-09-19 11:33:48,-5,87,3883.0,3883.0,3883.0,3883.0
2022-09-19 11:33:50,5,86,3883.0,3883.25,3883.0,3883.25
2022-09-19 11:33:52,-59,216,3883.0,3883.0,3882.5,3882.5
2022-09-19 11:33:54,-23,220,3882.5,3882.5,3882.25,3882.25
2022-09-19 11:33:56,-3,146,3882.25,3882.25,3882.0,3882.0
2022-09-19 11:33:58,28,147,3882.0,3882.0,3882.0,3882.0
2022-09-19 11:34:00,-21,197,3882.5,3882.5,3882.0,3882.0
2022-09-19 11:34:02,10,56,3882.0,3882.0,3882.0,3882.0
2022-09-19 11:34:04,-31,133,3882.25,3882.25,3882.0,3882.0
2022-09-19 11:34:06,-32,92,3882.0,3882.0,3882.0,3882.0
2022-09-19 11:34:08,-4,54,3881.75,3881.75,3881.75,3881.75
2022-09-19 11:34:10,7,111,3881.75,3881.75,3881.75,3881.75
2022-09-19 11:34:12,3,58,3881.75,3882.0,3881.75,3882.0
2022-09-19 11:34:14,6,141,3881.75,3882.25,3881.75,3882.25
2022-09-19 11:34:16,-2,3,3882.0,3882.0,3882.0,3882.0
2022-09-19 11:34:18,29,216,3882.25,3882.25,3882.25,3882.25
2022-09-19 11:34:20,104,250,3882.75,3882.75,3882.5,3882.5
2022-09-19 11:34:22,-47,118,3882.25,3882.5,3882.25,3882.5
2022-09-19 11:34:24,12,57,3882.0,3882.25,3882.0,3882.25
2022-09-19 11:34:26,-10,126,3882.75,3882.75,3882.75,3882.75
2022-09-19 11:34:28,2,51,3882.5,3882.5,3882.5,3882.5
2022-09-19 11:34:30,20,95,3882.75,3882.75,3882.75,3882.75
2022-09-19 11:34:32,-17,90,3882.75,3882.75,3882.75,3882.75
2022-09-19 11:34:34,-12,102,3882.75,3882.75,3882.5,3882.5
2022-09-19 11:34:36,15,51,3882.75,3882.75,3882.75,3882.75
2022-09-19 11:34:38,-166,541,3882.5,3882.5,3882.0,3882.0
2022-09-19 11:34:40,2,8,3882.0,3882.0,3882.0,3882.0
2022-09-19 11:34:42,17,294,3882.0,3882.5,3882.0,3882.5
2022-09-19 11:34:44,2,58,3882.25,3882.25,3882.25,3882.25
2022-09-19 11:34:46,-23,139,3882.25,3882.25,3882.25,3882.25
2022-09-19 11:34:48,-37,65,3882.0,3882.0,3882.0,3882.0
2022-09-19 11:34:50,57,131,3881.75,3882.0,3881.75,3882.0
2022-09-19 11:34:52,-10,78,3881.75,3881.75,3881.75,3881.75
2022-09-19 11:34:54,-29,187,3881.5,3881.75,3881.5,3881.75
2022-09-19 11:34:56,-91,240,3881.75,3881.75,3881.5,3881.5
2022-09-19 11:34:58,19,210,3881.0,3881.25,3881.0,3881.25
2022-09-19 11:35:00,5,161,3881.25,3881.25,3881.0,3881.0
2022-09-19 11:35:02,9,144,3881.0,3881.25,3881.0,3881.25
2022-09-19 11:35:04,35,240,3880.75,3881.25,3880.75,3881.25
2022-09-19 11:35:06,-2,14,3880.75,3880.75,3880.75,3880.75
2022-09-19 11:35:08,-47,111,3880.5,3880.5,3880.25,3880.25
2022-09-19 11:35:10,15,209,3880.5,3880.5,3880.25,3880.25
2022-09-19 11:35:12,-8,86,3880.5,3880.5,3880.25,3880.25
2022-09-19 11:35:14,-49,176,3880.25,3880.25,3880.0,3880.0
2022-09-19 11:35:16,-34,258,3879.75,3879.75,3879.75,3879.75
2022-09-19 11:35:18,6,183,3879.75,3879.75,3879.75,3879.75
2022-09-19 11:35:20,34,83,3879.75,3879.75,3879.75,3879.75
2022-09-19 11:35:22,-5,165,3879.75,3879.75,3879.75,3879.75
2022-09-19 11:35:24,28,180,3879.5,3879.75,3879.5,3879.75
2022-09-19 11:35:26,-3,114,3879.75,3879.75,3879.75,3879.75
2022-09-19 11:35:28,-12,143,3879.75,3879.75,3879.5,3879.5
2022-09-19 11:35:30,-6,57,3879.5,3879.5,3879.25,3879.25
2022-09-19 11:35:32,-367,722,3879.0,3879.0,3878.75,3878.75
2022-09-19 11:35:34,-68,282,3878.5,3878.5,3878.5,3878.5
2022-09-19 11:35:36,-17,209,3878.5,3878.5,3878.25,3878.25
2022-09-19 11:35:38,-1,152,3878.25,3878.5,3878.25,3878.5
2022-09-19 11:35:40,-89,592,3878.5,3878.5,3878.0,3878.0
2022-09-19 11:35:42,9,75,3878.75,3878.75,3878.75,3878.75
2022-09-19 11:35:44,-31,198,3878.25,3879.0,3878.25,3879.0
2022-09-19 11:35:46,-51,176,3879.0,3879.0,3879.0,3879.0
2022-09-19 11:35:48,29,213,3879.5,3879.5,3879.5,3879.5
2022-09-19 11:35:50,-23,157,3879.0,3879.0,3878.75,3878.75
2022-09-19 11:35:52,2,66,3878.75,3878.75,3878.75,3878.75
2022-09-19 11:35:54,14,82,3878.75,3878.75,3878.75,3878.75
2022-09-19 11:35:56,12,81,3878.75,3879.0,3878.75,3879.0
2022-09-19 11:35:58,7,115,3878.75,3878.75,3878.75,3878.75
2022-09-19 11:36:00,-64,240,3878.5,3878.5,3878.0,3878.0
2022-09-19 11:36:02,-33,151,3878.0,3878.0,3877.75,3877.75
2022-09-19 11:36:04,-2,206,3878.0,3878.25,3878.0,3878.25
2022-09-19 11:36:06,37,190,3878.25,3878.5,3878.25,3878.5
2022-09-19 11:36:08,54,220,3878.75,3879.0,3878.75,3879.0
2022-09-19 11:36:10,-43,232,3878.75,3878.75,3878.75,3878.75
2022-09-19 11:36:12,5,88,3878.75,3878.75,3878.5,3878.5
2022-09-19 11:36:14,80,422,3878.75,3879.25,3878.75,3879.25
2022-09-19 11:36:16,-71,334,3879.5,3879.5,3879.5,3879.5
2022-09-19 11:36:18,-2,55,3879.5,3879.5,3879.5,3879.5
2022-09-19 11:36:20,121,206,3879.75,3880.0,3879.75,3880.0
2022-09-19 11:36:22,25,148,3879.75,3879.75,3879.75,3879.75
2022-09-19 11:36:24,2,42,3879.25,3879.25,3879.25,3879.25
2022-09-19 11:36:26,23,203,3879.25,3879.25,3878.75,3878.75
2022-09-19 11:36:28,7,51,3878.75,3878.75,3878.75,3878.75
2022-09-19 11:36:30,-72,284,3878.75,3878.75,3878.75,3878.75
2022-09-19 11:36:32,-21,83,3878.75,3878.75,3878.75,3878.75
2022-09-19 11:36:34,22,119,3878.5,3878.5,3878.25,3878.25
2022-09-19 11:36:36,0,80,3878.25,3878.25,3878.25,3878.25
2022-09-19 11:36:38,-2,20,3878.25,3878.25,3878.25,3878.25
2022-09-19 11:36:40,18,44,3878.25,3878.25,3878.25,3878.25
2022-09-19 11:36:42,6,95,3878.25,3878.25,3878.25,3878.25
2022-09-19 11:36:44,12,72,3878.25,3878.5,3878.25,3878.5
2022-09-19 11:36:46,6,38,3878.75,3878.75,3878.75,3878.75
2022-09-19 11:36:48,-141,412,3878.5,3878.5,3877.75,3877.75
2022-09-19 11:36:50,-269,682,3877.5,3877.5,3877.25,3877.25
2022-09-19 11:36:52,-45,427,3876.75,3877.0,3876.75,3877.0
2022-09-19 11:36:54,23,199,3876.75,3876.75,3876.75,3876.75
2022-09-19 11:36:56,54,171,3877.5,3877.5,3877.25,3877.25
2022-09-19 11:36:58,13,209,3877.25,3877.75,3877.25,3877.75
2022-09-19 11:37:00,15,161,3877.75,3878.25,3877.75,3878.25
2022-09-19 11:37:02,70,491,3878.5,3878.5,3878.25,3878.25
2022-09-19 11:37:04,-6,118,3878.25,3878.25,3878.0,3878.0
2022-09-19 11:37:06,18,205,3878.0,3878.25,3878.0,3878.25
2022-09-19 11:37:08,-38,123,3877.75,3877.75,3877.5,3877.5
2022-09-19 11:37:10,-44,81,3877.25,3877.25,3877.0,3877.0
2022-09-19 11:37:12,-119,480,3877.0,3877.0,3876.5,3876.5
2022-09-19 11:37:14,-3,396,3876.0,3876.0,3876.0,3876.0
2022-09-19 11:37:16,-28,237,3876.0,3876.0,3876.0,3876.0
2022-09-19 11:37:18,18,137,3876.0,3876.0,3876.0,3876.0
2022-09-19 11:37:20,3,172,3876.25,3876.25,3876.25,3876.25
2022-09-19 11:37:22,2,115,3876.25,3876.25,3876.25,3876.25
2022-09-19 11:37:24,-11,307,3876.0,3876.25,3876.0,3876.25
2022-09-19 11:37:26,-7,215,3876.5,3876.5,3876.25,3876.25
2022-09-19 11:37:28,-18,67,3876.0,3876.0,3876.0,3876.0
2022-09-19 11:37:30,40,162,3876.5,3876.5,3876.5,3876.5
2022-09-19 11:37:32,21,579,3876.5,3876.5,3876.0,3876.0
2022-09-19 11:37:34,7,277,3876.0,3876.0,3876.0,3876.0
2022-09-19 11:37:36,-19,133,3876.0,3876.0,3875.75,3875.75
2022-09-19 11:37:38,-1,113,3875.75,3876.0,3875.75,3876.0
2022-09-19 11:37:40,-9,49,3875.5,3875.5,3875.5,3875.5
2022-09-19 11:37:42,-396,981,3875.5,3875.5,3875.0,3875.0
2022-09-19 11:37:44,19,437,3875.0,3875.0,3875.0,3875.0
2022-09-19 11:37:46,27,231,3875.0,3875.0,3874.75,3874.75
2022-09-19 11:37:48,13,128,3874.75,3875.0,3874.75,3875.0
2022-09-19 11:37:50,59,192,3875.0,3875.5,3875.0,3875.5
2022-09-19 11:37:52,5,147,3875.5,3875.5,3875.5,3875.5
2022-09-19 11:37:54,8,56,3875.25,3875.25,3875.25,3875.25
2022-09-19 11:37:56,-9,158,3875.25,3875.25,3875.25,3875.25
2022-09-19 11:37:58,3,124,3875.5,3875.5,3875.5,3875.5
2022-09-19 11:38:00,17,65,3875.25,3875.25,3875.25,3875.25
