Date,BidAsk,Vol,Open,High,Low,Close,S_1,S_3,S_5,Corr,Std_U,Std_D,OD,OL
2022-09-19 11:18:00,34,256,3899.25,3899.5,3899.25,3899.5,3899.5,3899.4166666666665,3900.15,0.3592106067298247,0.25,0.0,0.0,-0.25
2022-09-19 11:18:02,-9,137,3899.25,3899.25,3899.25,3899.25,3899.5,3899.4166666666665,3900.15,0.3592106067298247,0.0,0.0,0.0,-0.25
2022-09-19 11:18:04,49,122,3899.25,3899.5,3899.25,3899.5,3899.25,3899.4166666666665,3900.15,0.3592106067298247,0.25,0.0,0.0,0.0
2022-09-19 11:18:06,221,437,3899.75,3900.75,3899.75,3900.75,3899.5,3899.4166666666665,3900.15,0.3592106067298247,1.0,0.0,0.5,0.25
2022-09-19 11:18:08,100,517,3901.25,3901.75,3901.25,3901.75,3900.75,3899.8333333333335,3900.15,0.3592106067298247,0.5,0.0,1.5,0.5
2022-09-19 11:18:10,40,395,3901.25,3901.5,3901.25,3901.5,3901.75,3900.6666666666665,3900.15,0.9083460497618557,0.25,0.0,0.0,-0.5
2022-09-19 11:18:12,-29,179,3901.5,3901.5,3901.5,3901.5,3901.5,3901.3333333333335,3900.55,0.7634873881621113,0.0,0.0,0.25,0.0
2022-09-19 11:18:14,246,927,3902.75,3902.75,3902.5,3902.5,3901.5,3901.5833333333335,3901.0,-0.9707253599251655,0.0,0.25,1.25,1.25
2022-09-19 11:18:16,-105,511,3902.5,3902.5,3902.5,3902.5,3902.5,3901.8333333333335,3901.6,-0.5000000372528248,0.0,0.0,-0.25,0.0
2022-09-19 11:18:18,21,330,3901.5,3902.25,3901.5,3902.25,3902.5,3902.1666666666665,3901.95,0.5000000037253614,0.75,0.0,-1.0,-1.0
2022-09-19 11:18:20,6,394,3902.25,3902.25,3902.25,3902.25,3902.25,3902.4166666666665,3902.05,-0.49999997019759945,0.0,0.0,0.75,0.0
2022-09-19 11:18:22,7,251,3902.5,3902.5,3902.25,3902.25,3902.25,3902.3333333333335,3902.2,0.500000104307901,0.0,0.25,0.25,0.25
2022-09-19 11:18:24,-34,254,3902.5,3902.5,3902.25,3902.25,3902.25,3902.25,3902.35,0.500000104307901,0.0,0.25,0.0,0.25
2022-09-19 11:18:26,11,299,3901.75,3902.25,3901.75,3902.25,3902.25,3902.25,3902.3,0.500000104307901,0.5,0.0,-0.75,-0.5
2022-09-19 11:18:28,0,87,3902.0,3902.0,3902.0,3902.0,3902.25,3902.25,3902.25,0.500000104307901,0.0,0.0,0.25,-0.25
2022-09-19 11:18:30,-57,191,3902.25,3902.25,3902.0,3902.0,3902.0,3902.1666666666665,3902.2,0.500000104307901,0.0,0.25,0.25,0.25
2022-09-19 11:18:32,-26,105,3902.0,3902.0,3901.5,3901.5,3902.0,3902.0833333333335,3902.15,0.500000104307901,0.0,0.5,-0.25,0.0
2022-09-19 11:18:34,1,101,3901.5,3901.5,3901.5,3901.5,3901.5,3901.8333333333335,3902.0,0.499999970197365,0.0,0.0,-0.5,0.0
2022-09-19 11:18:36,-8,54,3901.5,3901.5,3901.5,3901.5,3901.5,3901.6666666666665,3901.85,0.5000000037248924,0.0,0.0,0.0,0.0
2022-09-19 11:18:38,-22,332,3901.5,3901.5,3901.25,3901.25,3901.5,3901.5,3901.7,0.5000000037248924,0.0,0.25,0.0,0.0
2022-09-19 11:18:40,-30,317,3900.75,3900.75,3900.5,3900.5,3901.25,3901.4166666666665,3901.55,0.5000000037248924,0.0,0.25,-0.75,-0.5
2022-09-19 11:18:42,-52,355,3900.25,3900.25,3900.25,3900.25,3900.5,3901.0833333333335,3901.25,0.9707253599251655,0.0,0.0,-0.5,-0.25
2022-09-19 11:18:44,-122,505,3900.0,3900.0,3899.25,3899.25,3900.25,3900.6666666666665,3901.0,0.8461538472998821,0.0,0.75,-0.25,-0.25
2022-09-19 11:18:46,7,128,3899.0,3899.0,3898.75,3898.75,3899.25,3900.0,3900.55,0.8170571691027833,0.0,0.25,-1.0,-0.25
2022-09-19 11:18:48,-3,172,3898.75,3899.0,3898.75,3899.0,3898.75,3899.4166666666665,3900.0,0.8660254019409543,0.25,0.0,-0.25,0.0
2022-09-19 11:18:50,16,86,3899.0,3899.25,3899.0,3899.25,3899.0,3899.0,3899.55,0.6546536755864627,0.25,0.0,0.25,0.0
2022-09-19 11:18:52,-30,175,3899.0,3899.0,3899.0,3899.0,3899.25,3899.0,3899.3,-0.5000000149025254,0.0,0.0,0.0,-0.25
2022-09-19 11:18:54,12,57,3898.75,3898.75,3898.75,3898.75,3899.0,3899.0833333333335,3899.05,-7.742870483895847e-08,0.0,0.0,-0.25,-0.25
2022-09-19 11:18:56,-14,26,3899.0,3899.0,3898.75,3898.75,3898.75,3899.0,3898.95,-7.742870483895847e-08,0.0,0.25,0.25,0.25
2022-09-19 11:18:58,-35,375,3898.5,3898.5,3898.5,3898.5,3898.75,3898.8333333333335,3898.95,0.866025352169831,0.0,0.0,-0.5,-0.25
2022-09-19 11:19:00,-53,211,3898.0,3898.0,3897.75,3897.75,3898.5,3898.6666666666665,3898.85,0.49999997020154296,0.0,0.25,-0.5,-0.5
2022-09-19 11:19:02,4,377,3898.25,3898.5,3898.25,3898.5,3897.75,3898.3333333333335,3898.55,0.970725359929444,0.25,0.0,0.25,0.5
2022-09-19 11:19:04,42,107,3898.5,3898.5,3898.5,3898.5,3898.5,3898.25,3898.45,-0.27735010637838703,0.0,0.0,0.25,0.0
2022-09-19 11:19:06,-7,38,3898.5,3898.5,3898.5,3898.5,3898.5,3898.25,3898.4,-0.5000000000001515,0.0,0.0,0.0,0.0
2022-09-19 11:19:08,-37,554,3898.25,3898.25,3898.25,3898.25,3898.5,3898.5,3898.35,-0.5000000000001515,0.0,0.0,-0.25,-0.25
2022-09-19 11:19:10,-5,356,3898.25,3898.25,3898.0,3898.0,3898.25,3898.4166666666665,3898.3,-0.5000000000001515,0.0,0.25,0.0,0.0
2022-09-19 11:19:12,-56,95,3897.75,3897.75,3897.75,3897.75,3898.0,3898.25,3898.35,0.8660254295961729,0.0,0.0,-0.5,-0.25
2022-09-19 11:19:14,-10,133,3897.25,3897.25,3897.25,3897.25,3897.75,3898.0,3898.2,0.999999985100203,0.0,0.0,-0.5,-0.5
2022-09-19 11:19:16,-23,117,3897.25,3897.25,3897.0,3897.0,3897.25,3897.6666666666665,3897.95,0.9819805060630821,0.0,0.25,0.0,0.0
2022-09-19 11:19:18,1,55,3897.0,3897.0,3897.0,3897.0,3897.0,3897.3333333333335,3897.65,0.9285714307010104,0.0,0.0,-0.25,0.0
2022-09-19 11:19:20,2,86,3897.0,3897.0,3896.75,3896.75,3897.0,3897.0833333333335,3897.4,0.9449111262041212,0.0,0.25,0.0,0.0
2022-09-19 11:19:22,0,111,3897.0,3897.0,3896.75,3896.75,3896.75,3896.9166666666665,3897.15,0.4999999701994966,0.0,0.25,0.0,0.25
2022-09-19 11:19:24,1,81,3896.75,3897.0,3896.75,3897.0,3896.75,3896.8333333333335,3896.95,0.5000001043099473,0.25,0.0,-0.25,0.0
2022-09-19 11:19:26,-120,335,3897.0,3897.0,3896.5,3896.5,3897.0,3896.8333333333335,3896.9,-0.5000001043099473,0.0,0.5,0.25,0.0
2022-09-19 11:19:28,-3,106,3896.5,3896.5,3896.25,3896.25,3896.5,3896.75,3896.8,-0.8660254295961729,0.0,0.25,-0.5,0.0
2022-09-19 11:19:30,-24,127,3896.25,3896.25,3896.25,3896.25,3896.25,3896.5833333333335,3896.65,0.32732681584406526,0.0,0.0,-0.25,0.0
2022-09-19 11:19:32,3,123,3896.25,3896.25,3896.25,3896.25,3896.25,3896.3333333333335,3896.55,0.9449111262019113,0.0,0.0,0.0,0.0
2022-09-19 11:19:34,-5,92,3896.0,3896.0,3896.0,3896.0,3896.25,3896.25,3896.45,0.9449111262019113,0.0,0.0,-0.25,-0.25
2022-09-19 11:19:36,-33,139,3896.0,3896.0,3895.75,3895.75,3896.0,3896.1666666666665,3896.25,0.9449111262019113,0.0,0.25,0.0,0.0
2022-09-19 11:19:38,-11,69,3895.75,3895.75,3895.75,3895.75,3895.75,3896.0,3896.1,0.86602542959381,0.0,0.0,-0.25,0.0
2022-09-19 11:19:40,22,154,3895.5,3896.25,3895.5,3896.25,3895.75,3895.8333333333335,3896.0,0.8660253521651051,0.75,0.0,-0.25,-0.25
2022-09-19 11:19:42,-2,115,3896.25,3896.25,3896.0,3896.0,3896.25,3895.9166666666665,3896.0,-0.499999970197365,0.0,0.25,0.75,0.0
2022-09-19 11:19:44,-2,48,3896.0,3896.25,3896.0,3896.25,3896.0,3896.0,3895.95,3.871435241923496e-08,0.25,0.0,-0.25,0.0
2022-09-19 11:19:46,40,316,3896.25,3896.5,3896.25,3896.5,3896.25,3896.1666666666665,3896.0,-0.8660253521627422,0.25,0.0,0.25,0.0
2022-09-19 11:19:48,-3,116,3896.75,3896.75,3896.75,3896.75,3896.5,3896.25,3896.15,0.0,0.0,0.0,0.5,0.25
2022-09-19 11:19:50,-16,390,3896.25,3896.5,3896.25,3896.5,3896.75,3896.5,3896.35,0.9999999850974746,0.25,0.0,-0.5,-0.5
2022-09-19 11:19:52,-35,126,3896.0,3896.25,3896.0,3896.25,3896.5,3896.5833333333335,3896.4,0.0,0.25,0.0,-0.25,-0.5
2022-09-19 11:19:54,6,171,3896.0,3896.0,3895.75,3895.75,3896.25,3896.5,3896.45,0.0,0.0,0.25,0.0,-0.25
2022-09-19 11:19:56,5,21,3895.75,3895.75,3895.75,3895.75,3895.75,3896.1666666666665,3896.35,0.9819805060611683,0.0,0.0,-0.25,0.0
2022-09-19 11:19:58,-11,96,3895.75,3895.75,3895.75,3895.75,3895.75,3895.9166666666665,3896.2,0.7559289769950447,0.0,0.0,0.0,0.0
2022-09-19 11:20:00,-29,214,3896.0,3896.0,3895.75,3895.75,3895.75,3895.75,3896.0,0.7559289769950447,0.0,0.25,0.25,0.25
2022-09-19 11:20:02,4,115,3895.5,3895.5,3895.5,3895.5,3895.75,3895.75,3895.85,0.7559289769950447,0.0,0.0,-0.5,-0.25
2022-09-19 11:20:04,19,81,3896.25,3896.25,3896.0,3896.0,3895.5,3895.6666666666665,3895.7,0.7559289769950447,0.0,0.25,0.75,0.75
2022-09-19 11:20:06,25,216,3896.0,3896.0,3896.0,3896.0,3896.0,3895.75,3895.75,-0.8660253521674681,0.0,0.0,-0.25,0.0
2022-09-19 11:20:08,-108,553,3896.0,3896.0,3896.0,3896.0,3896.0,3895.8333333333335,3895.8,0.0,0.0,0.0,0.0,0.0
2022-09-19 11:20:10,-29,133,3895.0,3895.25,3895.0,3895.25,3896.0,3896.0,3895.85,-inf,0.25,0.0,-1.0,-1.0
2022-09-19 11:20:12,-31,132,3895.25,3895.25,3895.25,3895.25,3895.25,3895.75,3895.75,-inf,0.0,0.0,0.25,0.0
2022-09-19 11:20:14,9,110,3895.0,3895.0,3895.0,3895.0,3895.25,3895.5,3895.7,0.5000000000003789,0.0,0.0,-0.25,-0.25
2022-09-19 11:20:16,-51,81,3894.75,3894.75,3894.75,3894.75,3895.0,3895.1666666666665,3895.5,0.5000000149032834,0.0,0.0,-0.25,-0.25
2022-09-19 11:20:18,21,139,3894.75,3895.0,3894.75,3895.0,3894.75,3895.0,3895.25,0.8660254295985359,0.25,0.0,0.0,0.0
2022-09-19 11:20:20,-15,70,3894.75,3895.0,3894.75,3895.0,3895.0,3894.9166666666665,3895.05,0.0,0.25,0.0,0.0,-0.25
2022-09-19 11:20:22,6,78,3894.75,3895.0,3894.75,3895.0,3895.0,3894.9166666666665,3895.0,-0.4999998360910922,0.25,0.0,0.0,-0.25
2022-09-19 11:20:24,46,138,3895.25,3895.25,3895.25,3895.25,3895.0,3895.0,3894.95,-0.4999998360910922,0.0,0.0,0.5,0.25
2022-09-19 11:20:26,-2,42,3895.0,3895.0,3895.0,3895.0,3895.25,3895.0833333333335,3895.0,-0.4999998360910922,0.0,0.0,-0.25,-0.25
2022-09-19 11:20:28,-27,46,3895.0,3895.0,3895.0,3895.0,3895.0,3895.0833333333335,3895.05,-0.5000001043119937,0.0,0.0,0.0,0.0
2022-09-19 11:20:30,-1,118,3895.0,3895.0,3894.75,3894.75,3895.0,3895.0833333333335,3895.05,-0.5000001043119937,0.0,0.25,0.0,0.0
2022-09-19 11:20:32,0,32,3894.75,3894.75,3894.75,3894.75,3894.75,3894.9166666666665,3895.0,0.49999997020154296,0.0,0.0,-0.25,0.0
2022-09-19 11:20:34,60,412,3895.75,3895.75,3895.5,3895.5,3894.75,3894.8333333333335,3894.95,0.5000001043119937,0.0,0.25,1.0,1.0
2022-09-19 11:20:36,-64,106,3894.75,3894.75,3894.25,3894.25,3895.5,3895.0,3895.0,-0.5000000149032834,0.0,0.5,-1.0,-0.75
2022-09-19 11:20:38,-85,516,3894.25,3894.25,3894.0,3894.0,3894.25,3894.8333333333335,3894.85,-0.8029550719659081,0.0,0.25,-0.5,0.0
2022-09-19 11:20:40,24,167,3894.0,3894.0,3894.0,3894.0,3894.0,3894.5833333333335,3894.65,0.04120427971555441,0.0,0.0,-0.25,0.0
2022-09-19 11:20:42,-13,80,3893.75,3893.75,3893.75,3893.75,3894.0,3894.0833333333335,3894.5,0.9878291504397202,0.0,0.0,-0.25,-0.25
2022-09-19 11:20:44,-6,106,3893.5,3893.5,3893.5,3893.5,3893.75,3893.9166666666665,3894.3,0.4999999701954039,0.0,0.0,-0.25,-0.25
2022-09-19 11:20:46,-24,144,3893.25,3893.25,3893.25,3893.25,3893.5,3893.75,3893.9,0.866025429591447,0.0,0.0,-0.25,-0.25
2022-09-19 11:20:48,-5,198,3893.5,3893.75,3893.5,3893.75,3893.25,3893.5,3893.7,0.9999999850974746,0.25,0.0,0.25,0.25
2022-09-19 11:20:50,-59,212,3893.75,3893.75,3893.75,3893.75,3893.75,3893.5,3893.65,-0.5000000149004791,0.0,0.0,0.25,0.0
2022-09-19 11:20:52,37,434,3893.75,3893.75,3893.75,3893.75,3893.75,3893.5833333333335,3893.6,0.0,0.0,0.0,0.0,0.0
2022-09-19 11:20:54,17,103,3894.0,3894.0,3894.0,3894.0,3893.75,3893.75,3893.6,-inf,0.0,0.0,0.25,0.25
2022-09-19 11:20:56,1,45,3893.75,3893.75,3893.5,3893.5,3894.0,3893.8333333333335,3893.7,-inf,0.0,0.25,-0.25,-0.25
2022-09-19 11:20:58,-15,142,3893.75,3893.75,3893.5,3893.5,3893.5,3893.75,3893.75,-0.86602542959381,0.0,0.25,0.0,0.25
2022-09-19 11:21:00,1,145,3893.75,3893.75,3893.5,3893.5,3893.5,3893.6666666666665,3893.7,3.8714352419281175e-08,0.0,0.25,0.0,0.25
2022-09-19 11:21:02,-20,71,3893.5,3893.5,3893.25,3893.25,3893.5,3893.5,3893.65,3.8714352419281175e-08,0.0,0.25,-0.25,0.0
2022-09-19 11:21:04,-102,399,3893.5,3893.5,3893.25,3893.25,3893.25,3893.4166666666665,3893.55,3.8714352419281175e-08,0.0,0.25,0.0,0.25
2022-09-19 11:21:06,-6,306,3893.0,3893.0,3893.0,3893.0,3893.25,3893.3333333333335,3893.4,0.5000001043099473,0.0,0.0,-0.5,-0.25
2022-09-19 11:21:08,-33,194,3892.75,3892.75,3892.5,3892.5,3893.0,3893.1666666666665,3893.3,0.4999999701994966,0.0,0.25,-0.25,-0.25
2022-09-19 11:21:10,-97,449,3892.25,3892.25,3891.75,3891.75,3892.5,3892.9166666666665,3893.1,0.9449112275820929,0.0,0.5,-0.5,-0.25
2022-09-19 11:21:12,-1,123,3891.75,3892.0,3891.75,3892.0,3891.75,3892.4166666666665,3892.75,0.9971764752902581,0.25,0.0,-0.5,0.0
2022-09-19 11:21:14,-15,98,3891.75,3891.75,3891.75,3891.75,3892.0,3892.0833333333335,3892.5,0.5636214814835337,0.0,0.0,0.0,-0.25
2022-09-19 11:21:16,16,225,3891.5,3891.75,3891.5,3891.75,3891.75,3891.8333333333335,3892.2,-0.7559290023448044,0.25,0.0,-0.25,-0.25
2022-09-19 11:21:18,-101,216,3891.75,3891.75,3891.5,3891.5,3891.75,3891.8333333333335,3891.95,-0.5000001043140401,0.0,0.25,0.25,0.0
2022-09-19 11:21:20,-28,271,3891.5,3891.5,3891.25,3891.25,3891.5,3891.6666666666665,3891.75,0.49999997020358933,0.0,0.25,-0.25,0.0
2022-09-19 11:21:22,21,136,3891.75,3891.75,3891.75,3891.75,3891.25,3891.5,3891.65,0.8660254296008988,0.0,0.0,0.25,0.5
2022-09-19 11:21:24,26,130,3891.5,3891.5,3891.5,3891.5,3891.75,3891.5,3891.6,-0.5000000149032076,0.0,0.0,-0.25,-0.25
2022-09-19 11:21:26,-22,623,3891.5,3891.5,3891.5,3891.5,3891.5,3891.5,3891.55,-0.5000000149032076,0.0,0.0,0.0,0.0
2022-09-19 11:21:28,-22,142,3891.25,3891.25,3891.25,3891.25,3891.5,3891.5833333333335,3891.5,-0.8660254296008988,0.0,0.0,-0.25,-0.25
2022-09-19 11:21:30,17,320,3891.5,3891.75,3891.5,3891.75,3891.25,3891.4166666666665,3891.45,0.49999997020358933,0.25,0.0,0.25,0.25
2022-09-19 11:21:32,58,195,3891.75,3891.75,3891.5,3891.5,3891.75,3891.5,3891.55,-0.866025352172194,0.0,0.25,0.25,0.0
2022-09-19 11:21:34,-30,138,3891.5,3891.5,3891.5,3891.5,3891.5,3891.5,3891.5,-0.5000000149032076,0.0,0.0,-0.25,0.0
2022-09-19 11:21:36,-11,178,3891.5,3891.5,3891.5,3891.5,3891.5,3891.5833333333335,3891.5,-0.8660254296008988,0.0,0.0,0.0,0.0
2022-09-19 11:21:38,-21,296,3891.25,3891.25,3891.0,3891.0,3891.5,3891.5,3891.5,-inf,0.0,0.25,-0.25,-0.25
2022-09-19 11:21:40,4,163,3891.25,3891.5,3891.25,3891.5,3891.0,3891.3333333333335,3891.45,-inf,0.25,0.0,0.0,0.25
2022-09-19 11:21:42,2,46,3891.25,3891.25,3891.25,3891.25,3891.5,3891.3333333333335,3891.4,-0.5000000037264272,0.0,0.0,0.0,-0.25
2022-09-19 11:21:44,-46,154,3891.0,3891.25,3891.0,3891.25,3891.25,3891.25,3891.35,-0.8660254295961729,0.25,0.0,-0.25,-0.25
2022-09-19 11:21:46,25,276,3891.0,3891.0,3891.0,3891.0,3891.25,3891.3333333333335,3891.3,-0.8660254295985359,0.0,0.0,0.0,-0.25
2022-09-19 11:21:48,-13,307,3891.0,3891.25,3891.0,3891.25,3891.0,3891.1666666666665,3891.2,0.49999997020154296,0.25,0.0,0.0,0.0
2022-09-19 11:21:50,5,231,3891.5,3891.5,3891.5,3891.5,3891.25,3891.1666666666665,3891.25,-0.4999998360910922,0.0,0.0,0.5,0.25
2022-09-19 11:21:52,-112,340,3891.25,3891.25,3891.25,3891.25,3891.5,3891.25,3891.25,0.0,0.0,0.0,-0.25,-0.25
2022-09-19 11:21:54,-72,341,3891.0,3891.0,3890.75,3890.75,3891.25,3891.3333333333335,3891.25,0.0,0.0,0.25,-0.25,-0.25
2022-09-19 11:21:56,-83,111,3891.0,3891.0,3890.5,3890.5,3890.75,3891.1666666666665,3891.15,0.1889822252412662,0.0,0.5,0.0,0.25
2022-09-19 11:21:58,35,239,3891.0,3891.0,3891.0,3891.0,3890.5,3890.8333333333335,3891.05,0.9285714307015533,0.0,0.0,0.0,0.5
2022-09-19 11:22:00,-40,173,3891.0,3891.0,3891.0,3891.0,3891.0,3890.75,3891.0,-0.32732684510977955,0.0,0.0,0.0,0.0
2022-09-19 11:22:02,-42,398,3891.25,3891.5,3891.25,3891.5,3891.0,3890.8333333333335,3890.9,-3.87143524193736e-08,0.25,0.0,0.25,0.25
2022-09-19 11:22:04,63,268,3891.5,3891.5,3891.5,3891.5,3891.5,3891.1666666666665,3890.95,0.5000000037264272,0.0,0.0,0.25,0.0
2022-09-19 11:22:06,-3,110,3891.75,3891.75,3891.75,3891.75,3891.5,3891.3333333333335,3891.1,0.5000000037264272,0.0,0.0,0.25,0.25
2022-09-19 11:22:08,21,198,3891.75,3892.0,3891.75,3892.0,3891.75,3891.5833333333335,3891.35,0.4999999702012019,0.25,0.0,0.0,0.0
2022-09-19 11:22:10,98,407,3892.5,3892.75,3892.5,3892.75,3892.0,3891.75,3891.55,0.8660254296008988,0.25,0.0,0.75,0.5
2022-09-19 11:22:12,-20,140,3892.25,3892.25,3892.25,3892.25,3892.75,3892.1666666666665,3891.9,0.9607689299911113,0.0,0.0,-0.25,-0.5
2022-09-19 11:22:14,19,139,3892.25,3892.25,3892.0,3892.0,3892.25,3892.3333333333335,3892.05,0.05241423871200582,0.0,0.25,0.0,0.0
2022-09-19 11:22:16,-13,255,3892.25,3892.25,3892.25,3892.25,3892.0,3892.3333333333335,3892.15,-0.5000000276740398,0.0,0.0,0.0,0.25
2022-09-19 11:22:18,18,60,3892.0,3892.0,3892.0,3892.0,3892.25,3892.1666666666665,3892.25,0.18898222524082425,0.0,0.0,-0.25,-0.25
2022-09-19 11:22:20,214,394,3892.75,3892.75,3892.5,3892.5,3892.0,3892.0833333333335,3892.25,-0.9999999403989932,0.0,0.25,0.75,0.75
2022-09-19 11:22:22,-13,58,3892.5,3892.5,3892.5,3892.5,3892.5,3892.25,3892.2,-0.8660254295961729,0.0,0.0,-0.25,0.0
2022-09-19 11:22:24,-73,322,3892.25,3892.25,3892.25,3892.25,3892.5,3892.3333333333335,3892.25,-3.871435241932739e-08,0.0,0.0,-0.25,-0.25
2022-09-19 11:22:26,-45,234,3892.5,3892.5,3892.5,3892.5,3892.25,3892.4166666666665,3892.3,-0.4999999701999229,0.0,0.0,0.25,0.25
2022-09-19 11:22:28,1,92,3892.5,3892.5,3892.25,3892.25,3892.5,3892.4166666666665,3892.35,-0.49999997020154296,0.0,0.25,0.0,0.0
2022-09-19 11:22:30,-40,127,3892.0,3892.0,3891.5,3891.5,3892.25,3892.3333333333335,3892.4,-0.9999999404030859,0.0,0.5,-0.5,-0.25
2022-09-19 11:22:32,-2,45,3892.0,3892.0,3892.0,3892.0,3891.5,3892.0833333333335,3892.2,0.2773500815823859,0.0,0.0,0.0,0.5
2022-09-19 11:22:34,17,70,3892.0,3892.0,3892.0,3892.0,3892.0,3891.9166666666665,3892.1,0.052414238711982246,0.0,0.0,0.0,0.0
2022-09-19 11:22:36,-15,19,3891.75,3891.75,3891.75,3891.75,3892.0,3891.8333333333335,3892.05,-0.7559289263066665,0.0,0.0,-0.25,-0.25
2022-09-19 11:22:38,5,75,3891.75,3892.0,3891.75,3892.0,3891.75,3891.9166666666665,3891.9,-0.4999999701999229,0.25,0.0,0.0,0.0
2022-09-19 11:22:40,15,104,3892.0,3892.25,3892.0,3892.25,3892.0,3891.9166666666665,3891.85,-0.4999998360910922,0.25,0.0,0.25,0.0
2022-09-19 11:22:42,-18,65,3892.0,3892.25,3892.0,3892.25,3892.25,3892.0,3892.0,0.0,0.25,0.0,0.0,-0.25
2022-09-19 11:22:44,5,97,3891.75,3892.0,3891.75,3892.0,3892.25,3892.1666666666665,3892.05,0.8660254295985359,0.25,0.0,-0.25,-0.5
2022-09-19 11:22:46,-8,33,3892.0,3892.0,3892.0,3892.0,3892.0,3892.1666666666665,3892.05,-0.49999997020154296,0.0,0.0,0.25,0.0
2022-09-19 11:22:48,-2,62,3891.75,3892.0,3891.75,3892.0,3892.0,3892.0833333333335,3892.1,0.5000001043119937,0.25,0.0,-0.25,-0.25
2022-09-19 11:22:50,-43,111,3892.25,3892.25,3892.25,3892.25,3892.0,3892.0,3892.1,0.5000001043119937,0.0,0.0,0.5,0.25
2022-09-19 11:22:52,36,223,3892.25,3892.25,3892.25,3892.25,3892.25,3892.0833333333335,3892.1,0.5000001043119937,0.0,0.0,0.0,0.0
2022-09-19 11:22:54,-39,149,3892.25,3892.5,3892.25,3892.5,3892.25,3892.1666666666665,3892.1,0.5000001043119937,0.25,0.0,0.0,0.0
2022-09-19 11:22:56,-41,102,3892.25,3892.25,3892.25,3892.25,3892.5,3892.3333333333335,3892.2,0.49999997020154296,0.0,0.0,0.0,-0.25
2022-09-19 11:22:58,156,505,3892.75,3893.75,3892.75,3893.75,3892.25,3892.3333333333335,3892.25,-0.5000001043119937,1.0,0.0,0.5,0.5
2022-09-19 11:23:00,1,102,3893.5,3893.5,3893.0,3893.0,3893.75,3892.8333333333335,3892.6,-0.628618567801586,0.0,0.5,0.75,-0.25
2022-09-19 11:23:02,-58,82,3892.75,3892.75,3892.25,3892.25,3893.0,3893.0,3892.75,-0.1555427588451754,0.0,0.5,-0.75,-0.25
2022-09-19 11:23:04,41,223,3892.25,3892.25,3892.0,3892.0,3892.25,3893.0,3892.75,-0.5000000000002779,0.0,0.25,-0.5,0.0
2022-09-19 11:23:06,-40,118,3892.25,3892.25,3892.25,3892.25,3892.0,3892.4166666666665,3892.65,0.9607689299897147,0.0,0.0,0.0,0.25
2022-09-19 11:23:08,-20,75,3892.0,3892.0,3892.0,3892.0,3892.25,3892.1666666666665,3892.65,0.27735011877976623,0.0,0.0,-0.25,-0.25
2022-09-19 11:23:10,-25,141,3892.0,3892.0,3891.75,3891.75,3892.0,3892.0833333333335,3892.3,-0.9999999404153641,0.0,0.25,0.0,0.0
2022-09-19 11:23:12,-98,163,3891.5,3891.5,3891.25,3891.25,3891.75,3892.0,3892.05,0.0,0.0,0.25,-0.5,-0.25
2022-09-19 11:23:14,-37,132,3891.5,3891.5,3891.5,3891.5,3891.25,3891.6666666666665,3891.85,0.9819805060669097,0.0,0.0,0.0,0.25
2022-09-19 11:23:16,-51,222,3891.25,3891.25,3891.25,3891.25,3891.5,3891.5,3891.75,0.3273268451109597,0.0,0.0,-0.25,-0.25
2022-09-19 11:23:18,1,89,3891.0,3891.0,3891.0,3891.0,3891.25,3891.3333333333335,3891.55,-0.8660254296079877,0.0,0.0,-0.25,-0.25
2022-09-19 11:23:20,-4,77,3891.25,3891.25,3891.0,3891.0,3891.0,3891.25,3891.35,0.0,0.0,0.25,0.25,0.25
2022-09-19 11:23:22,-12,79,3891.25,3891.25,3891.25,3891.25,3891.0,3891.0833333333335,3891.2,0.8660253521792828,0.0,0.0,0.0,0.25
2022-09-19 11:23:24,-11,72,3891.0,3891.0,3891.0,3891.0,3891.25,3891.0833333333335,3891.2,-0.5000001043201792,0.0,0.0,-0.25,-0.25
2022-09-19 11:23:26,-40,164,3891.0,3891.25,3891.0,3891.25,3891.0,3891.0833333333335,3891.1,-0.5000001043201792,0.25,0.0,0.0,0.0
2022-09-19 11:23:28,19,93,3891.25,3891.25,3891.25,3891.25,3891.25,3891.1666666666665,3891.1,-0.9999999404194568,0.0,0.0,0.25,0.0
2022-09-19 11:23:30,-26,90,3891.25,3891.25,3891.25,3891.25,3891.25,3891.1666666666665,3891.15,-0.4999998360992777,0.0,0.0,0.0,0.0
2022-09-19 11:23:32,8,75,3891.25,3891.25,3891.0,3891.0,3891.25,3891.25,3891.2,-0.4999998360992777,0.0,0.25,0.0,0.0
2022-09-19 11:23:34,14,98,3891.25,3891.25,3891.25,3891.25,3891.0,3891.1666666666665,3891.15,-0.4999998360992777,0.0,0.0,0.0,0.25
2022-09-19 11:23:36,-14,61,3891.25,3891.5,3891.25,3891.5,3891.25,3891.1666666666665,3891.2,-0.4999998360992777,0.25,0.0,0.0,0.0
2022-09-19 11:23:38,64,319,3892.25,3892.75,3892.25,3892.75,3891.5,3891.25,3891.25,0.0,0.5,0.0,1.0,0.75
2022-09-19 11:23:40,19,312,3893.25,3893.5,3893.25,3893.5,3892.75,3891.8333333333335,3891.55,0.9332565252616473,0.25,0.0,1.0,0.5
2022-09-19 11:23:42,-4,63,3893.0,3893.0,3892.75,3892.75,3893.5,3892.5833333333335,3892.0,0.872368606021762,0.0,0.25,-0.25,-0.5
2022-09-19 11:23:44,0,68,3892.5,3892.5,3892.5,3892.5,3892.75,3893.0,3892.35,0.14285714072880704,0.0,0.0,-0.5,-0.25
2022-09-19 11:23:46,9,55,3892.75,3893.0,3892.75,3893.0,3892.5,3892.9166666666665,3892.6,-0.27735009398093863,0.25,0.0,0.25,0.25
2022-09-19 11:23:48,-9,97,3893.25,3893.25,3893.0,3893.0,3893.0,3892.75,3892.9,-0.2401922163934485,0.0,0.25,0.5,0.25
2022-09-19 11:23:50,-10,67,3893.0,3893.0,3892.75,3892.75,3893.0,3892.8333333333335,3892.95,0.0,0.0,0.25,-0.25,0.0
2022-09-19 11:23:52,32,144,3892.5,3892.75,3892.5,3892.75,3892.75,3892.9166666666665,3892.8,-0.4999999702139917,0.25,0.0,-0.5,-0.25
2022-09-19 11:23:54,10,111,3892.5,3892.75,3892.5,3892.75,3892.75,3892.8333333333335,3892.8,0.5000001043345037,0.25,0.0,0.0,-0.25
2022-09-19 11:23:56,1,18,3892.75,3892.75,3892.75,3892.75,3892.75,3892.75,3892.85,0.5000001043345037,0.0,0.0,0.25,0.0
2022-09-19 11:23:58,7,74,3893.0,3893.0,3893.0,3893.0,3892.75,3892.75,3892.8,0.5000001043345037,0.0,0.0,0.25,0.25
2022-09-19 11:24:00,-33,269,3893.5,3893.5,3893.25,3893.25,3893.0,3892.8333333333335,3892.8,0.5000001043345037,0.0,0.25,0.5,0.5
2022-09-19 11:24:02,6,44,3893.5,3893.5,3893.5,3893.5,3893.25,3893.0,3892.9,0.8660253521958234,0.0,0.0,0.0,0.25
2022-09-19 11:24:04,5,136,3893.5,3893.5,3893.5,3893.5,3893.5,3893.25,3893.05,0.999999985116574,0.0,0.0,0.0,0.0
2022-09-19 11:24:06,6,123,3893.75,3894.0,3893.75,3894.0,3893.5,3893.4166666666665,3893.2,0.8660254296245282,0.25,0.0,0.25,0.25
2022-09-19 11:24:08,-32,177,3893.5,3893.5,3893.25,3893.25,3894.0,3893.6666666666665,3893.45,0.500000037269217,0.0,0.25,-0.25,-0.5
2022-09-19 11:24:10,-47,179,3893.0,3893.0,3892.75,3892.75,3893.25,3893.5833333333335,3893.5,-0.7559289263133513,0.0,0.25,-0.5,-0.25
2022-09-19 11:24:12,-12,47,3892.25,3892.25,3892.25,3892.25,3892.75,3893.3333333333335,3893.4,0.2167774794610711,0.0,0.0,-0.75,-0.5
2022-09-19 11:24:14,43,368,3892.25,3892.5,3892.25,3892.5,3892.25,3892.75,3893.15,0.993399261880521,0.25,0.0,0.0,0.0
2022-09-19 11:24:16,-17,360,3892.75,3893.0,3892.75,3893.0,3892.5,3892.5,3892.95,0.49999999255368266,0.25,0.0,0.5,0.25
2022-09-19 11:24:18,17,38,3892.75,3892.75,3892.75,3892.75,3893.0,3892.5833333333335,3892.75,-0.3273268451123313,0.0,0.0,0.0,-0.25
2022-09-19 11:24:20,-19,112,3892.5,3892.75,3892.5,3892.75,3892.75,3892.75,3892.65,0.3273268158472549,0.25,0.0,-0.25,-0.25
2022-09-19 11:24:22,-1,99,3893.0,3893.0,3892.75,3892.75,3892.75,3892.8333333333335,3892.65,-0.8660254296198023,0.0,0.25,0.5,0.25
2022-09-19 11:24:24,-87,211,3892.75,3892.75,3892.0,3892.0,3892.75,3892.75,3892.75,-0.8660254296198023,0.0,0.75,-0.25,0.0
2022-09-19 11:24:26,-14,58,3892.0,3892.0,3892.0,3892.0,3892.0,3892.5,3892.65,-0.8660254296198023,0.0,0.0,-0.75,0.0
2022-09-19 11:24:28,-18,220,3891.75,3891.75,3891.25,3891.25,3892.0,3892.25,3892.45,0.5000000000024253,0.0,0.5,-0.25,-0.25
2022-09-19 11:24:30,-33,119,3891.0,3891.0,3891.0,3891.0,3891.25,3891.75,3892.15,0.5000000000024253,0.0,0.0,-0.75,-0.25
2022-09-19 11:24:32,-18,141,3890.75,3890.75,3890.5,3890.5,3891.0,3891.4166666666665,3891.8,0.6933752411516044,0.0,0.25,-0.25,-0.25
2022-09-19 11:24:34,10,152,3891.0,3891.0,3891.0,3891.0,3890.5,3890.9166666666665,3891.35,0.8910421284012027,0.0,0.0,0.25,0.5
2022-09-19 11:24:36,-61,605,3891.0,3891.5,3891.0,3891.5,3891.0,3890.8333333333335,3891.15,-0.18898222524236652,0.5,0.0,0.0,0.0
2022-09-19 11:24:38,-30,101,3891.0,3891.0,3890.75,3890.75,3891.5,3891.0,3891.05,0.0,0.0,0.25,0.0,-0.5
2022-09-19 11:24:40,-23,124,3890.5,3890.5,3890.5,3890.5,3890.75,3891.0833333333335,3890.95,-0.32732683047836575,0.0,0.0,-0.5,-0.25
2022-09-19 11:24:42,7,44,3890.5,3890.75,3890.5,3890.75,3890.5,3890.9166666666665,3890.85,0.052414238712265124,0.25,0.0,0.0,0.0
2022-09-19 11:24:44,0,38,3891.0,3891.0,3891.0,3891.0,3890.75,3890.6666666666665,3890.9,0.2773501187852672,0.0,0.0,0.5,0.25
2022-09-19 11:24:46,-22,104,3891.0,3891.0,3890.75,3890.75,3891.0,3890.75,3890.9,7.742870484149363e-08,0.0,0.25,0.0,0.0
2022-09-19 11:24:48,-61,260,3891.0,3891.25,3891.0,3891.25,3890.75,3890.8333333333335,3890.75,-7.742870484149363e-08,0.25,0.0,0.0,0.25
2022-09-19 11:24:50,-358,608,3890.75,3890.75,3890.0,3890.0,3891.25,3891.0,3890.85,-0.8660254296268912,0.0,0.75,-0.25,-0.5
2022-09-19 11:24:52,-441,2539,3889.75,3889.75,3889.5,3889.5,3890.0,3890.6666666666665,3890.75,-0.9933992618887414,0.0,0.25,-1.0,-0.25
2022-09-19 11:24:54,0,333,3889.5,3889.5,3889.5,3889.5,3889.5,3890.25,3890.5,0.38572713978773426,0.0,0.0,-0.25,0.0
2022-09-19 11:24:56,46,356,3889.75,3889.75,3889.75,3889.75,3889.5,3889.6666666666665,3890.2,0.9607689192596178,0.0,0.0,0.25,0.25
2022-09-19 11:24:58,-15,397,3889.5,3890.0,3889.5,3890.0,3889.75,3889.5833333333335,3890.0,-0.4999999702178286,0.5,0.0,-0.25,-0.25
2022-09-19 11:25:00,-40,330,3889.75,3889.75,3889.25,3889.25,3890.0,3889.75,3889.75,0.8660253522029122,0.0,0.5,0.25,-0.25
2022-09-19 11:25:02,-13,233,3889.5,3889.75,3889.5,3889.75,3889.25,3889.6666666666665,3889.6,-0.6546536609631906,0.25,0.0,-0.25,0.25
2022-09-19 11:25:04,56,180,3889.75,3889.75,3889.75,3889.75,3889.75,3889.6666666666665,3889.65,-0.49999998936115325,0.0,0.0,0.25,0.0
2022-09-19 11:25:06,-33,154,3889.5,3890.0,3889.5,3890.0,3889.75,3889.5833333333335,3889.7,-0.75592892631639,0.5,0.0,-0.25,-0.25
2022-09-19 11:25:08,-10,33,3890.0,3890.0,3889.75,3889.75,3890.0,3889.8333333333335,3889.75,0.4999999031651612,0.0,0.25,0.5,0.0
2022-09-19 11:25:10,-2,189,3889.75,3890.0,3889.75,3890.0,3889.75,3889.8333333333335,3889.7,-0.5000001043447355,0.25,0.0,-0.25,0.0
2022-09-19 11:25:12,-129,506,3889.5,3889.5,3889.0,3889.0,3890.0,3889.9166666666665,3889.85,-0.9999999404685695,0.0,0.5,-0.25,-0.5
2022-09-19 11:25:14,-13,170,3888.75,3889.0,3888.75,3889.0,3889.0,3889.5833333333335,3889.7,-0.6933752411759602,0.25,0.0,-0.75,-0.25
2022-09-19 11:25:16,-9,348,3888.75,3888.75,3888.5,3888.5,3889.0,3889.3333333333335,3889.55,0.27735009088148627,0.0,0.25,0.0,-0.25
2022-09-19 11:25:18,-42,392,3888.25,3888.25,3888.25,3888.25,3888.5,3888.8333333333335,3889.25,0.49999998696643644,0.0,0.0,-0.5,-0.25
2022-09-19 11:25:20,4,99,3888.0,3888.5,3888.0,3888.5,3888.25,3888.5833333333335,3888.95,0.7559289263151745,0.5,0.0,-0.25,-0.25
2022-09-19 11:25:22,19,268,3888.5,3888.5,3888.5,3888.5,3888.5,3888.4166666666665,3888.65,0.18898222524656988,0.0,0.0,0.5,0.0
2022-09-19 11:25:24,-9,148,3888.5,3888.5,3888.5,3888.5,3888.5,3888.4166666666665,3888.55,-0.4999999702260993,0.0,0.0,0.0,0.0
2022-09-19 11:25:26,1,85,3888.75,3888.75,3888.75,3888.75,3888.5,3888.5,3888.45,inf,0.0,0.0,0.25,0.25
2022-09-19 11:25:28,85,366,3889.0,3890.0,3889.0,3890.0,3888.75,3888.5833333333335,3888.5,-inf,1.0,0.0,0.25,0.25
2022-09-19 11:25:30,-41,728,3891.0,3891.0,3890.75,3890.75,3890.0,3889.0833333333335,3888.85,0.9878291504710202,0.0,0.25,2.0,1.0
2022-09-19 11:25:32,15,178,3890.25,3890.5,3890.25,3890.5,3890.75,3889.8333333333335,3889.3,0.8723686094635067,0.25,0.0,-0.75,-0.5
2022-09-19 11:25:34,-22,136,3890.5,3890.75,3890.5,3890.75,3890.5,3890.4166666666665,3889.7,0.7559289444139244,0.25,0.0,0.25,0.0
2022-09-19 11:25:36,3,140,3890.75,3890.75,3890.75,3890.75,3890.75,3890.6666666666665,3890.15,-0.755928951682337,0.0,0.0,0.25,0.0
2022-09-19 11:25:38,70,203,3891.0,3891.25,3891.0,3891.25,3890.75,3890.6666666666665,3890.55,-0.4999999702342848,0.25,0.0,0.25,0.25
2022-09-19 11:25:40,-61,300,3891.25,3891.25,3891.0,3891.0,3891.25,3890.9166666666665,3890.8,0.5000000372756119,0.0,0.25,0.25,0.0
2022-09-19 11:25:42,-27,180,3890.75,3890.75,3890.5,3890.5,3891.0,3891.0,3890.85,0.0,0.0,0.25,-0.5,-0.25
2022-09-19 11:25:44,-20,121,3890.25,3890.25,3890.25,3890.25,3890.5,3890.9166666666665,3890.85,-0.32732684511456406,0.0,0.0,-0.5,-0.25
2022-09-19 11:25:46,1,85,3890.5,3890.5,3890.5,3890.5,3890.25,3890.5833333333335,3890.75,0.928571430709697,0.0,0.0,0.25,0.25
2022-09-19 11:25:48,2,151,3890.25,3890.25,3890.25,3890.25,3890.5,3890.4166666666665,3890.7,0.1889822252478958,0.0,0.0,-0.25,-0.25
2022-09-19 11:25:50,2,71,3890.25,3890.25,3890.25,3890.25,3890.25,3890.3333333333335,3890.5,-0.9999999404644768,0.0,0.0,0.0,0.0
2022-09-19 11:25:52,34,79,3890.5,3890.5,3890.5,3890.5,3890.25,3890.3333333333335,3890.35,-0.5000001043426892,0.0,0.0,0.25,0.25
2022-09-19 11:25:54,-61,202,3890.25,3890.25,3890.0,3890.0,3890.5,3890.3333333333335,3890.35,-0.5000001043426892,0.0,0.25,-0.25,-0.25
2022-09-19 11:25:56,-8,57,3889.0,3889.25,3889.0,3889.25,3890.0,3890.25,3890.3,-0.86602542963398,0.25,0.0,-1.25,-1.0
2022-09-19 11:25:58,-20,104,3889.25,3889.25,3889.25,3889.25,3889.25,3889.9166666666665,3890.05,0.5960395606873298,0.0,0.0,0.25,0.0
2022-09-19 11:26:00,-83,523,3888.75,3888.75,3888.5,3888.5,3889.25,3889.5,3889.85,0.8029550719704821,0.0,0.25,-0.5,-0.5
2022-09-19 11:26:02,0,176,3888.75,3889.0,3888.75,3889.0,3888.5,3889.0,3889.5,0.5000000000042443,0.25,0.0,0.0,0.25
2022-09-19 11:26:04,-5,52,3888.75,3888.75,3888.5,3888.5,3889.0,3888.9166666666665,3889.2,-0.18898222524222177,0.0,0.25,0.0,-0.25
2022-09-19 11:26:06,-47,278,3888.5,3888.5,3888.25,3888.25,3888.5,3888.6666666666665,3888.9,-0.9449111769053764,0.0,0.25,-0.25,0.0
2022-09-19 11:26:08,-258,639,3888.0,3888.0,3888.0,3888.0,3888.25,3888.5833333333335,3888.7,-0.18898222524327812,0.0,0.0,-0.5,-0.25
2022-09-19 11:26:10,-8,75,3888.25,3888.25,3888.0,3888.0,3888.0,3888.25,3888.45,0.9819805060793493,0.0,0.25,0.25,0.25
2022-09-19 11:26:12,-32,152,3888.0,3888.0,3887.5,3887.5,3888.0,3888.0833333333335,3888.35,0.8660253522076381,0.0,0.5,-0.25,0.0
2022-09-19 11:26:14,6,95,3888.0,3888.0,3888.0,3888.0,3887.5,3887.8333333333335,3888.05,0.49999997022038656,0.0,0.0,0.0,0.5
2022-09-19 11:26:16,59,262,3888.25,3888.75,3888.25,3888.75,3888.0,3887.8333333333335,3887.95,-0.5000000372617137,0.5,0.0,0.25,0.25
2022-09-19 11:26:18,-1,246,3888.5,3888.5,3888.5,3888.5,3888.75,3888.0833333333335,3888.05,0.11470786009939088,0.0,0.0,0.25,-0.25
2022-09-19 11:26:20,-11,70,3888.25,3888.25,3888.25,3888.25,3888.5,3888.4166666666665,3888.15,0.5636214814869158,0.0,0.0,-0.25,-0.25
2022-09-19 11:26:22,-1,7,3888.0,3888.25,3888.0,3888.25,3888.25,3888.5,3888.2,-0.6546536609644663,0.25,0.0,-0.25,-0.25
2022-09-19 11:26:24,-41,139,3888.25,3888.25,3888.0,3888.0,3888.25,3888.3333333333335,3888.35,0.8660253522076381,0.0,0.25,0.25,0.0
2022-09-19 11:26:26,-313,697,3888.0,3888.0,3888.0,3888.0,3888.0,3888.1666666666665,3888.35,0.4999999702342848,0.0,0.0,-0.25,0.0
2022-09-19 11:26:28,16,54,3887.5,3887.5,3887.5,3887.5,3888.0,3888.0833333333335,3888.2,0.5000001043447355,0.0,0.0,-0.5,-0.5
2022-09-19 11:26:30,-39,237,3887.5,3887.5,3887.25,3887.25,3887.5,3887.8333333333335,3888.0,0.49999997022038656,0.0,0.25,0.0,0.0
2022-09-19 11:26:32,9,98,3887.0,3887.0,3887.0,3887.0,3887.25,3887.5833333333335,3887.8,0.75592892631639,0.0,0.0,-0.5,-0.25
2022-09-19 11:26:34,-27,207,3887.25,3887.25,3886.75,3886.75,3887.0,3887.25,3887.55,0.9819805060774356,0.0,0.5,0.25,0.25
2022-09-19 11:26:36,10,295,3887.0,3887.5,3887.0,3887.5,3886.75,3887.0,3887.3,0.9999999851206667,0.5,0.0,-0.25,0.25
2022-09-19 11:26:38,4,174,3887.25,3887.25,3886.75,3886.75,3887.5,3887.0833333333335,3887.2,-0.6546536902284902,0.0,0.5,0.25,-0.25
2022-09-19 11:26:40,-8,101,3887.0,3887.0,3886.75,3886.75,3886.75,3887.0,3887.05,-0.7559289516570871,0.0,0.25,-0.25,0.25
2022-09-19 11:26:42,7,181,3886.75,3887.0,3886.75,3887.0,3886.75,3887.0,3886.95,-0.5000000000037895,0.25,0.0,-0.25,0.0
2022-09-19 11:26:44,36,176,3887.25,3887.25,3887.25,3887.25,3887.0,3886.8333333333335,3886.95,-0.5000000149203364,0.0,0.0,0.5,0.25
2022-09-19 11:26:46,46,124,3887.25,3887.5,3887.25,3887.5,3887.25,3887.0,3887.05,0.8660253522052752,0.25,0.0,0.0,0.0
2022-09-19 11:26:48,3,392,3887.5,3887.75,3887.5,3887.75,3887.5,3887.25,3887.05,0.9999999851220309,0.25,0.0,0.25,0.0
2022-09-19 11:26:50,10,78,3887.5,3887.75,3887.5,3887.75,3887.75,3887.5,3887.25,0.9999999851220309,0.25,0.0,0.0,-0.25
2022-09-19 11:26:52,19,64,3887.75,3887.75,3887.75,3887.75,3887.75,3887.6666666666665,3887.45,0.86602542963398,0.0,0.0,0.25,0.0
2022-09-19 11:26:54,14,47,3887.75,3887.75,3887.75,3887.75,3887.75,3887.75,3887.6,inf,0.0,0.0,0.0,0.0
2022-09-19 11:26:56,-57,175,3887.75,3887.75,3887.5,3887.5,3887.75,3887.75,3887.7,inf,0.0,0.25,0.0,0.0
2022-09-19 11:26:58,7,91,3887.25,3887.5,3887.25,3887.5,3887.5,3887.6666666666665,3887.7,inf,0.25,0.0,-0.5,-0.25
2022-09-19 11:27:00,11,370,3887.25,3887.25,3887.0,3887.0,3887.5,3887.5833333333335,3887.65,0.5000001043426892,0.0,0.25,0.0,-0.25
2022-09-19 11:27:02,-6,78,3887.25,3887.25,3887.25,3887.25,3887.0,3887.3333333333335,3887.5,0.4999999031638822,0.0,0.0,0.0,0.25
2022-09-19 11:27:04,11,94,3887.25,3887.25,3887.25,3887.25,3887.25,3887.25,3887.4,0.0,0.0,0.0,0.0,0.0
2022-09-19 11:27:06,37,220,3887.25,3887.5,3887.25,3887.5,3887.25,3887.1666666666665,3887.3,-0.8660254296316171,0.25,0.0,0.0,0.0
2022-09-19 11:27:08,13,64,3887.25,3887.5,3887.25,3887.5,3887.5,3887.3333333333335,3887.3,0.49999997023019205,0.25,0.0,0.0,-0.25
2022-09-19 11:27:10,0,121,3887.5,3887.5,3887.5,3887.5,3887.5,3887.4166666666665,3887.3,0.5000001043406428,0.0,0.0,0.25,0.0
2022-09-19 11:27:12,17,116,3887.75,3887.75,3887.75,3887.75,3887.5,3887.5,3887.4,0.5000001043406428,0.0,0.0,0.25,0.25
2022-09-19 11:27:14,-43,109,3887.75,3887.75,3887.5,3887.5,3887.75,3887.5833333333335,3887.5,0.5000001043406428,0.0,0.25,0.0,0.0
2022-09-19 11:27:16,-37,122,3887.25,3887.25,3887.0,3887.0,3887.5,3887.5833333333335,3887.55,-0.5000001043406428,0.0,0.25,-0.5,-0.25
2022-09-19 11:27:18,-56,135,3887.0,3887.0,3886.5,3886.5,3887.0,3887.4166666666665,3887.45,0.1889822252474538,0.0,0.5,-0.25,0.0
2022-09-19 11:27:20,-41,245,3886.5,3886.5,3886.25,3886.25,3886.5,3887.0,3887.25,0.981980520702215,0.0,0.25,-0.5,0.0
2022-09-19 11:27:22,26,209,3887.0,3887.0,3886.75,3886.75,3886.25,3886.5833333333335,3887.0,0.9819804914369153,0.0,0.25,0.5,0.75
2022-09-19 11:27:24,35,99,3886.5,3886.5,3886.5,3886.5,3886.75,3886.5,3886.8,-0.3273268451142451,0.0,0.0,-0.5,-0.25
2022-09-19 11:27:26,-16,89,3886.75,3886.75,3886.75,3886.75,3886.5,3886.5,3886.6,-0.5000000149120751,0.0,0.0,0.25,0.25
2022-09-19 11:27:28,6,116,3887.0,3887.0,3886.75,3886.75,3886.75,3886.6666666666665,3886.55,-0.8660254296316171,0.0,0.25,0.25,0.25
2022-09-19 11:27:30,8,73,3886.5,3886.75,3886.5,3886.75,3886.75,3886.6666666666665,3886.6,-0.4999998361197413,0.25,0.0,-0.5,-0.25
2022-09-19 11:27:32,23,64,3887.0,3887.0,3887.0,3887.0,3886.75,3886.75,3886.7,-0.4999998361197413,0.0,0.0,0.5,0.25
2022-09-19 11:27:34,28,164,3887.25,3887.25,3887.25,3887.25,3887.0,3886.8333333333335,3886.75,-0.4999998361197413,0.0,0.0,0.25,0.25
2022-09-19 11:27:36,-102,126,3887.25,3887.25,3886.75,3886.75,3887.25,3887.0,3886.9,0.8660253522029122,0.0,0.5,0.0,0.0
2022-09-19 11:27:38,-40,175,3886.5,3886.75,3886.5,3886.75,3886.75,3887.0,3886.9,-0.5000000149120751,0.25,0.0,-0.75,-0.25
2022-09-19 11:27:40,-10,134,3886.5,3886.5,3886.25,3886.25,3886.75,3886.9166666666665,3886.9,3.8714352420020595e-08,0.0,0.25,0.0,-0.25
2022-09-19 11:27:42,-18,38,3886.25,3886.25,3886.25,3886.25,3886.25,3886.5833333333335,3886.8,0.5000000037335894,0.0,0.0,-0.25,0.0
2022-09-19 11:27:44,-13,305,3886.25,3886.25,3886.0,3886.0,3886.25,3886.4166666666665,3886.65,0.5000000037335894,0.0,0.25,0.0,0.0
2022-09-19 11:27:46,10,116,3886.0,3886.25,3886.0,3886.25,3886.0,3886.1666666666665,3886.4,0.500000037274333,0.25,0.0,-0.25,0.0
2022-09-19 11:27:48,-19,41,3886.25,3886.25,3886.25,3886.25,3886.25,3886.1666666666665,3886.3,-0.4999999702322384,0.0,0.0,0.25,0.0
2022-09-19 11:27:50,-1,102,3886.25,3886.25,3886.25,3886.25,3886.25,3886.1666666666665,3886.2,-0.4999999702322384,0.0,0.0,0.0,0.0
2022-09-19 11:27:52,1,52,3886.0,3886.0,3886.0,3886.0,3886.25,3886.25,3886.2,inf,0.0,0.0,-0.25,-0.25
2022-09-19 11:27:54,-8,251,3886.0,3886.25,3886.0,3886.25,3886.0,3886.1666666666665,3886.15,inf,0.25,0.0,0.0,0.0
2022-09-19 11:27:56,-2,61,3886.25,3886.25,3886.25,3886.25,3886.25,3886.1666666666665,3886.2,-0.4999999702322384,0.0,0.0,0.25,0.0
2022-09-19 11:27:58,12,18,3886.25,3886.25,3886.25,3886.25,3886.25,3886.1666666666665,3886.2,-0.4999999702322384,0.0,0.0,0.0,0.0
2022-09-19 11:28:00,37,272,3886.25,3886.5,3886.25,3886.5,3886.25,3886.25,3886.2,inf,0.25,0.0,0.0,0.0
2022-09-19 11:28:02,-40,92,3886.5,3886.5,3886.0,3886.0,3886.5,3886.3333333333335,3886.25,-inf,0.0,0.5,0.25,0.0
2022-09-19 11:28:04,-74,245,3886.0,3886.0,3885.5,3885.5,3886.0,3886.25,3886.25,-0.86602542963398,0.0,0.5,-0.5,0.0
2022-09-19 11:28:06,-11,83,3885.75,3885.75,3885.75,3885.75,3885.5,3886.0,3886.1,0.49999999255666694,0.0,0.0,-0.25,0.25
2022-09-19 11:28:08,-4,49,3885.5,3885.5,3885.5,3885.5,3885.75,3885.75,3886.0,0.49999999255666694,0.0,0.0,-0.25,-0.25
2022-09-19 11:28:10,-23,45,3885.25,3885.5,3885.25,3885.5,3885.5,3885.5833333333335,3885.85,-0.86602542963398,0.25,0.0,-0.25,-0.25
2022-09-19 11:28:12,4,53,3885.25,3885.5,3885.25,3885.5,3885.5,3885.5833333333335,3885.65,-0.5000001043426892,0.25,0.0,0.0,-0.25
2022-09-19 11:28:14,-20,63,3885.5,3885.5,3885.25,3885.25,3885.5,3885.5,3885.55,-inf,0.0,0.25,0.25,0.0
2022-09-19 11:28:16,8,37,3885.5,3885.5,3885.5,3885.5,3885.25,3885.4166666666665,3885.5,inf,0.0,0.0,0.0,0.25
2022-09-19 11:28:18,3,144,3885.5,3885.5,3885.5,3885.5,3885.5,3885.4166666666665,3885.45,-0.4999999702322384,0.0,0.0,0.0,0.0
2022-09-19 11:28:20,20,89,3885.75,3885.75,3885.75,3885.75,3885.5,3885.4166666666665,3885.45,-0.4999999702322384,0.0,0.0,0.25,0.25
2022-09-19 11:28:22,-259,539,3885.75,3885.75,3885.5,3885.5,3885.75,3885.5833333333335,3885.5,0.4999999702322384,0.0,0.25,0.0,0.0
2022-09-19 11:28:24,49,210,3885.25,3885.75,3885.25,3885.75,3885.5,3885.5833333333335,3885.5,-0.5000001043426892,0.5,0.0,-0.5,-0.25
2022-09-19 11:28:26,-1,96,3886.0,3886.0,3885.75,3885.75,3885.75,3885.6666666666665,3885.6,-0.9999999404644768,0.0,0.25,0.75,0.25
2022-09-19 11:28:28,34,92,3886.0,3886.0,3886.0,3886.0,3885.75,3885.6666666666665,3885.65,-0.4999999702322384,0.0,0.0,0.0,0.25
2022-09-19 11:28:30,50,153,3886.25,3886.25,3886.0,3886.0,3886.0,3885.8333333333335,3885.75,0.4999999702322384,0.0,0.25,0.25,0.25
2022-09-19 11:28:32,-44,165,3886.0,3886.0,3885.75,3885.75,3886.0,3885.9166666666665,3885.8,0.5000001043426892,0.0,0.25,-0.25,0.0
2022-09-19 11:28:34,0,33,3885.75,3885.75,3885.75,3885.75,3885.75,3885.9166666666665,3885.85,-0.49999983612178767,0.0,0.0,-0.25,0.0
2022-09-19 11:28:36,28,79,3885.75,3885.75,3885.75,3885.75,3885.75,3885.8333333333335,3885.85,0.5000001043426892,0.0,0.0,0.0,0.0
2022-09-19 11:28:38,-7,116,3885.75,3885.75,3885.75,3885.75,3885.75,3885.75,3885.85,0.5000001043426892,0.0,0.0,0.0,0.0
2022-09-19 11:28:40,3,103,3885.75,3885.75,3885.75,3885.75,3885.75,3885.75,3885.8,0.5000001043426892,0.0,0.0,0.0,0.0
2022-09-19 11:28:42,1,168,3886.0,3886.0,3886.0,3886.0,3885.75,3885.75,3885.75,0.5000001043426892,0.0,0.0,0.25,0.25
2022-09-19 11:28:44,19,48,3885.75,3886.0,3885.75,3886.0,3886.0,3885.8333333333335,3885.8,0.5000001043426892,0.25,0.0,-0.25,-0.25
2022-09-19 11:28:46,-17,118,3886.0,3886.0,3885.5,3885.5,3886.0,3885.9166666666665,3885.85,0.5000001043426892,0.0,0.5,0.25,0.0
2022-09-19 11:28:48,16,68,3885.5,3885.75,3885.5,3885.75,3885.5,3885.8333333333335,3885.8,-0.4999999702191076,0.25,0.0,-0.5,0.0
2022-09-19 11:28:50,-50,116,3885.25,3885.5,3885.25,3885.5,3885.75,3885.75,3885.8,0.0,0.25,0.0,-0.25,-0.5
2022-09-19 11:28:52,52,154,3886.0,3886.0,3886.0,3886.0,3885.5,3885.5833333333335,3885.75,-0.8660254296316171,0.0,0.0,0.75,0.5
2022-09-19 11:28:54,-20,123,3886.0,3886.0,3885.5,3885.5,3886.0,3885.75,3885.75,-0.8660254296316171,0.0,0.5,0.0,0.0
2022-09-19 11:28:56,-3,90,3885.25,3885.5,3885.25,3885.5,3885.5,3885.6666666666665,3885.65,-0.8660253908962936,0.25,0.0,-0.75,-0.25
2022-09-19 11:28:58,3,82,3885.5,3885.5,3885.25,3885.25,3885.5,3885.6666666666665,3885.65,-0.5000000037335894,0.0,0.25,0.25,0.0
2022-09-19 11:29:00,-34,273,3885.25,3885.25,3885.0,3885.0,3885.25,3885.4166666666665,3885.55,0.500000037274333,0.0,0.25,-0.25,0.0
2022-09-19 11:29:02,-11,307,3884.75,3884.75,3884.75,3884.75,3885.0,3885.25,3885.45,0.86602542963398,0.0,0.0,-0.5,-0.25
2022-09-19 11:29:04,0,125,3884.75,3884.75,3884.75,3884.75,3884.75,3885.0,3885.2,0.9999999851220309,0.0,0.0,0.0,0.0
2022-09-19 11:29:06,41,179,3885.0,3885.25,3885.0,3885.25,3884.75,3884.8333333333335,3885.05,0.86602542963398,0.25,0.0,0.25,0.25
2022-09-19 11:29:08,15,106,3885.25,3885.25,3885.25,3885.25,3885.25,3884.9166666666665,3885.0,-0.4999999702191076,0.0,0.0,0.25,0.0
2022-09-19 11:29:10,-7,149,3885.0,3885.0,3884.75,3884.75,3885.25,3885.0833333333335,3885.0,0.5000000037335894,0.0,0.25,-0.25,-0.25
2022-09-19 11:29:12,0,6,3884.75,3884.75,3884.75,3884.75,3884.75,3885.0833333333335,3884.95,-0.5000000372612021,0.0,0.0,-0.25,0.0
2022-09-19 11:29:14,-35,152,3884.5,3884.5,3884.25,3884.25,3884.75,3884.9166666666665,3884.95,0.5000000037335894,0.0,0.25,-0.25,-0.25
2022-09-19 11:29:16,-15,101,3884.5,3884.5,3884.5,3884.5,3884.25,3884.5833333333335,3884.85,0.5000000037335894,0.0,0.0,0.0,0.25
2022-09-19 11:29:18,-25,185,3884.25,3884.25,3884.0,3884.0,3884.5,3884.5,3884.7,0.0,0.0,0.25,-0.25,-0.25
2022-09-19 11:29:20,16,256,3884.0,3884.0,3884.0,3884.0,3884.0,3884.25,3884.45,-0.5000000149120751,0.0,0.0,-0.25,0.0
2022-09-19 11:29:22,20,213,3884.5,3884.5,3884.5,3884.5,3884.0,3884.1666666666665,3884.3,0.0,0.0,0.0,0.5,0.5
2022-09-19 11:29:24,-57,316,3884.5,3884.5,3884.25,3884.25,3884.5,3884.1666666666665,3884.25,-0.5000000037335894,0.0,0.25,0.0,0.0
2022-09-19 11:29:26,12,156,3884.5,3884.5,3884.5,3884.5,3884.25,3884.25,3884.25,0.0,0.0,0.0,0.0,0.25
2022-09-19 11:29:28,24,68,3884.5,3884.5,3884.5,3884.5,3884.5,3884.4166666666665,3884.25,-0.8660254296316171,0.0,0.0,0.0,0.0
2022-09-19 11:29:30,-13,117,3884.5,3884.5,3884.5,3884.5,3884.5,3884.4166666666665,3884.35,-0.4999998361197413,0.0,0.0,0.0,0.0
2022-09-19 11:29:32,8,13,3884.25,3884.25,3884.25,3884.25,3884.5,3884.5,3884.45,-0.4999998361197413,0.0,0.0,-0.25,-0.25
2022-09-19 11:29:34,-16,95,3884.0,3884.0,3884.0,3884.0,3884.25,3884.4166666666665,3884.4,-0.4999998361197413,0.0,0.0,-0.25,-0.25
2022-09-19 11:29:36,12,110,3884.0,3884.0,3884.0,3884.0,3884.0,3884.25,3884.35,0.8660254296316171,0.0,0.0,0.0,0.0
2022-09-19 11:29:38,133,311,3884.5,3884.75,3884.5,3884.75,3884.0,3884.0833333333335,3884.25,0.8660254296316171,0.25,0.0,0.5,0.5
2022-09-19 11:29:40,34,175,3884.5,3884.5,3884.5,3884.5,3884.75,3884.25,3884.3,-0.5000000149191995,0.0,0.0,0.0,-0.25
2022-09-19 11:29:42,5,69,3884.75,3884.75,3884.5,3884.5,3884.5,3884.4166666666665,3884.3,0.18898224213825573,0.0,0.25,0.25,0.25
2022-09-19 11:29:44,66,241,3885.0,3885.0,3884.75,3884.75,3884.5,3884.5833333333335,3884.35,-0.9449111769240451,0.0,0.25,0.25,0.5
2022-09-19 11:29:46,18,129,3884.75,3884.75,3884.75,3884.75,3884.75,3884.5833333333335,3884.5,-0.5000001043385964,0.0,0.0,-0.25,0.0
2022-09-19 11:29:48,-7,79,3884.75,3884.75,3884.75,3884.75,3884.75,3884.6666666666665,3884.65,0.5000001043385964,0.0,0.0,0.0,0.0
2022-09-19 11:29:50,-9,179,3884.75,3884.75,3884.75,3884.75,3884.75,3884.75,3884.65,inf,0.0,0.0,0.0,0.0
2022-09-19 11:29:52,-3,82,3885.0,3885.0,3885.0,3885.0,3884.75,3884.75,3884.7,inf,0.0,0.0,0.25,0.25
2022-09-19 11:29:54,-24,45,3885.0,3885.0,3884.75,3884.75,3885.0,3884.8333333333335,3884.8,-inf,0.0,0.25,0.0,0.0
2022-09-19 11:29:56,-23,287,3884.5,3884.5,3884.25,3884.25,3884.75,3884.8333333333335,3884.8,-0.5000001043385964,0.0,0.25,-0.5,-0.25
2022-09-19 11:29:58,-21,63,3884.0,3884.0,3884.0,3884.0,3884.25,3884.6666666666665,3884.7,0.18898222524701186,0.0,0.0,-0.5,-0.25
2022-09-19 11:30:00,-28,284,3883.75,3883.75,3883.75,3883.75,3884.0,3884.3333333333335,3884.55,0.9285714307086111,0.0,0.0,-0.25,-0.25
2022-09-19 11:30:02,19,177,3883.75,3883.75,3883.75,3883.75,3883.75,3884.0,3884.35,0.981980476811179,0.0,0.0,0.0,0.0
2022-09-19 11:30:04,-10,98,3884.0,3884.0,3883.75,3883.75,3883.75,3883.8333333333335,3884.1,0.8660253522005493,0.0,0.25,0.25,0.25
2022-09-19 11:30:06,-123,441,3883.5,3883.5,3883.5,3883.5,3883.75,3883.75,3883.9,0.8660253522005493,0.0,0.0,-0.5,-0.25
2022-09-19 11:30:08,-11,94,3883.5,3883.5,3883.5,3883.5,3883.5,3883.6666666666665,3883.75,0.8660253522005493,0.0,0.0,0.0,0.0
2022-09-19 11:30:10,16,70,3883.5,3883.75,3883.5,3883.75,3883.5,3883.5833333333335,3883.65,0.5000001043385964,0.25,0.0,0.0,0.0
2022-09-19 11:30:12,-13,79,3884.0,3884.0,3883.75,3883.75,3883.75,3883.5833333333335,3883.65,-0.5000001043385964,0.0,0.25,0.5,0.25
2022-09-19 11:30:14,21,157,3883.75,3883.75,3883.5,3883.5,3883.75,3883.6666666666665,3883.65,0.5000001043385964,0.0,0.25,-0.25,0.0
2022-09-19 11:30:16,9,123,3883.5,3883.75,3883.5,3883.75,3883.5,3883.6666666666665,3883.6,-0.49999983611769494,0.25,0.0,-0.25,0.0
2022-09-19 11:30:18,19,98,3883.75,3884.0,3883.75,3884.0,3883.75,3883.6666666666665,3883.65,-0.49999983611769494,0.25,0.0,0.25,0.0
2022-09-19 11:30:20,-1,93,3884.0,3884.0,3884.0,3884.0,3884.0,3883.75,3883.75,0.0,0.0,0.0,0.25,0.0
2022-09-19 11:30:22,58,188,3884.0,3884.25,3884.0,3884.25,3884.0,3883.9166666666665,3883.8,0.8660254296292541,0.25,0.0,0.0,0.0
2022-09-19 11:30:24,42,81,3884.5,3884.5,3884.5,3884.5,3884.25,3884.0833333333335,3883.9,0.4999999702281457,0.0,0.0,0.5,0.25
2022-09-19 11:30:26,-18,152,3884.5,3884.5,3884.5,3884.5,3884.5,3884.25,3884.1,0.8660254296292541,0.0,0.0,0.0,0.0
2022-09-19 11:30:28,-34,238,3884.0,3884.0,3884.0,3884.0,3884.5,3884.4166666666665,3884.25,0.8660254296292541,0.0,0.0,-0.5,-0.5
2022-09-19 11:30:30,27,75,3884.0,3884.0,3884.0,3884.0,3884.0,3884.3333333333335,3884.25,-0.4999999702165496,0.0,0.0,0.0,0.0
2022-09-19 11:30:32,-23,114,3884.25,3884.25,3884.0,3884.0,3884.0,3884.1666666666665,3884.25,0.5000000037325663,0.0,0.25,0.25,0.25
2022-09-19 11:30:34,69,232,3883.75,3884.25,3883.75,3884.25,3884.0,3884.0,3884.2,inf,0.5,0.0,-0.5,-0.25
2022-09-19 11:30:36,22,113,3884.0,3884.25,3884.0,3884.25,3884.25,3884.0833333333335,3884.15,-inf,0.25,0.0,0.25,-0.25
2022-09-19 11:30:38,-24,161,3884.75,3884.75,3884.25,3884.25,3884.25,3884.1666666666665,3884.1,0.5000001043385964,0.0,0.5,0.75,0.5
2022-09-19 11:30:40,45,114,3884.0,3884.0,3884.0,3884.0,3884.25,3884.25,3884.15,0.5000001043385964,0.0,0.0,-0.75,-0.25
2022-09-19 11:30:42,-30,122,3884.0,3884.0,3883.75,3883.75,3884.0,3884.1666666666665,3884.15,0.5000001043385964,0.0,0.25,0.0,0.0
2022-09-19 11:30:44,2,252,3883.75,3883.75,3883.75,3883.75,3883.75,3884.0,3884.1,0.8660254296292541,0.0,0.0,-0.25,0.0
2022-09-19 11:30:46,39,74,3883.75,3884.25,3883.75,3884.25,3883.75,3883.8333333333335,3884.0,0.8660253522005493,0.5,0.0,0.0,0.0
2022-09-19 11:30:48,5,251,3884.25,3884.5,3884.25,3884.5,3884.25,3883.9166666666665,3884.0,-0.4999999702165496,0.25,0.0,0.5,0.0
2022-09-19 11:30:50,33,89,3884.5,3884.5,3884.5,3884.5,3884.5,3884.1666666666665,3884.05,0.7559289770035527,0.0,0.0,0.25,0.0
2022-09-19 11:30:52,-28,164,3884.5,3884.5,3884.5,3884.5,3884.5,3884.4166666666665,3884.15,0.9449112276086112,0.0,0.0,0.0,0.0
2022-09-19 11:30:54,19,69,3884.25,3884.25,3884.25,3884.25,3884.5,3884.5,3884.3,0.9449112276086112,0.0,0.0,-0.25,-0.25
2022-09-19 11:30:56,-14,172,3884.0,3884.25,3884.0,3884.25,3884.25,3884.4166666666665,3884.4,0.9449112276086112,0.25,0.0,-0.25,-0.25
2022-09-19 11:30:58,-15,116,3884.0,3884.25,3884.0,3884.25,3884.25,3884.3333333333335,3884.4,0.5000001043345037,0.25,0.0,0.0,-0.25
2022-09-19 11:31:00,-48,394,3884.25,3884.25,3883.5,3883.5,3884.25,3884.25,3884.35,0.5000001043345037,0.0,0.75,0.25,0.0
2022-09-19 11:31:02,-28,102,3883.0,3883.0,3883.0,3883.0,3883.5,3884.0,3884.15,0.5000001043345037,0.0,0.0,-1.25,-0.5
2022-09-19 11:31:04,-20,218,3883.0,3883.0,3883.0,3883.0,3883.0,3883.5833333333335,3883.85,0.8029550617131852,0.0,0.0,0.0,0.0
2022-09-19 11:31:06,-132,779,3883.0,3883.0,3881.75,3881.75,3883.0,3883.1666666666665,3883.6,0.9176629423258122,0.0,1.25,0.0,0.0
2022-09-19 11:31:08,-43,589,3881.5,3881.75,3881.5,3881.75,3881.75,3882.5833333333335,3883.1,0.49999999702307035,0.25,0.0,-1.5,-0.25
2022-09-19 11:31:10,-40,582,3881.5,3881.5,3880.75,3880.75,3881.75,3882.1666666666665,3882.6,0.5000000023850498,0.0,0.75,0.0,-0.25
2022-09-19 11:31:12,-59,429,3881.0,3881.0,3881.0,3881.0,3880.75,3881.4166666666665,3882.05,0.5000000037265252,0.0,0.0,-0.5,0.25
2022-09-19 11:31:14,36,240,3881.0,3881.0,3881.0,3881.0,3881.0,3881.1666666666665,3881.65,0.27735010018005646,0.0,0.0,0.0,0.0
2022-09-19 11:31:16,17,164,3881.0,3881.0,3881.0,3881.0,3881.0,3880.9166666666665,3881.25,-0.9707253227595686,0.0,0.0,0.0,0.0
2022-09-19 11:31:18,-13,248,3880.75,3881.0,3880.75,3881.0,3881.0,3881.0,3881.1,inf,0.25,0.0,-0.25,-0.25
2022-09-19 11:31:20,13,86,3880.75,3880.75,3880.75,3880.75,3881.0,3881.0,3880.95,inf,0.0,0.0,0.0,-0.25
2022-09-19 11:31:22,14,219,3881.0,3881.0,3881.0,3881.0,3880.75,3880.9166666666665,3880.95,inf,0.0,0.0,0.25,0.25
2022-09-19 11:31:24,-13,164,3881.0,3881.0,3880.75,3880.75,3881.0,3880.9166666666665,3880.95,-0.4999999702260993,0.0,0.25,0.0,0.0
2022-09-19 11:31:26,-19,307,3880.5,3880.75,3880.5,3880.75,3880.75,3880.8333333333335,3880.9,-0.9999999404521986,0.25,0.0,-0.5,-0.25
2022-09-19 11:31:28,0,95,3880.75,3880.75,3880.75,3880.75,3880.75,3880.8333333333335,3880.85,-0.5000001043365501,0.0,0.0,0.25,0.0
2022-09-19 11:31:30,-7,174,3880.75,3880.75,3880.25,3880.25,3880.75,3880.75,3880.8,-0.5000001043365501,0.0,0.5,0.0,0.0
2022-09-19 11:31:32,-18,162,3880.5,3880.5,3880.25,3880.25,3880.25,3880.5833333333335,3880.7,-0.5000001043365501,0.0,0.25,-0.25,0.25
2022-09-19 11:31:34,-136,372,3880.25,3880.25,3879.5,3879.5,3880.25,3880.4166666666665,3880.55,0.5000000037320547,0.0,0.75,-0.25,0.0
2022-09-19 11:31:36,-19,184,3879.75,3879.75,3879.75,3879.75,3879.5,3880.0,3880.3,0.5000000149060971,0.0,0.0,-0.5,0.25
2022-09-19 11:31:38,-19,139,3879.5,3879.5,3879.5,3879.5,3879.75,3879.8333333333335,3880.1,0.1889822252417307,0.0,0.0,-0.25,-0.25
2022-09-19 11:31:40,7,167,3879.25,3879.25,3879.25,3879.25,3879.5,3879.5833333333335,3879.85,-0.7559289516734975,0.0,0.0,-0.25,-0.25
2022-09-19 11:31:42,27,123,3879.5,3879.5,3879.5,3879.5,3879.25,3879.5,3879.65,-7.742870484128236e-08,0.0,0.0,0.25,0.25
2022-09-19 11:31:44,9,108,3879.5,3879.5,3879.25,3879.25,3879.5,3879.4166666666665,3879.5,7.742870484128236e-08,0.0,0.25,0.0,0.0
2022-09-19 11:31:46,33,435,3879.75,3879.75,3879.75,3879.75,3879.25,3879.3333333333335,3879.45,-0.9999999404481059,0.0,0.0,0.25,0.5
2022-09-19 11:31:48,14,193,3879.75,3879.75,3879.25,3879.25,3879.75,3879.5,3879.45,-0.8660254296245282,0.0,0.5,0.0,0.0
2022-09-19 11:31:50,1,128,3879.25,3879.5,3879.25,3879.5,3879.25,3879.4166666666665,3879.4,-0.8660253908931922,0.25,0.0,-0.5,0.0
2022-09-19 11:31:52,41,178,3879.25,3880.0,3879.25,3880.0,3879.5,3879.5,3879.45,-0.8660253908931922,0.75,0.0,0.0,-0.25
2022-09-19 11:31:54,55,242,3880.25,3880.5,3880.25,3880.5,3880.0,3879.5833333333335,3879.55,-0.3273268451132882,0.25,0.0,1.0,0.25
2022-09-19 11:31:56,14,185,3880.75,3880.75,3880.75,3880.75,3880.5,3880.0,3879.8,0.9819805060682015,0.0,0.0,0.5,0.25
2022-09-19 11:31:58,-35,277,3880.5,3880.5,3880.5,3880.5,3880.75,3880.4166666666665,3880.0,0.9819805060682015,0.0,0.0,-0.25,-0.25
2022-09-19 11:32:00,-34,271,3879.75,3879.75,3879.5,3879.5,3880.5,3880.5833333333335,3880.25,0.1889822252461279,0.0,0.25,-0.75,-0.75
2022-09-19 11:32:02,27,146,3879.5,3879.5,3879.5,3879.5,3879.5,3880.25,3880.25,0.32732681585283685,0.0,0.0,-0.25,0.0
2022-09-19 11:32:04,26,99,3879.75,3880.5,3879.75,3880.5,3879.5,3879.8333333333335,3880.15,0.6546536682710827,0.75,0.0,0.25,0.25
2022-09-19 11:32:06,-4,119,3880.5,3880.5,3880.25,3880.25,3880.5,3879.8333333333335,3880.15,-0.5000000037268961,0.0,0.25,0.75,0.0
2022-09-19 11:32:08,40,213,3881.0,3881.0,3881.0,3881.0,3880.25,3880.0833333333335,3880.05,0.27735009088116974,0.0,0.0,0.5,0.75
2022-09-19 11:32:10,33,383,3881.0,3881.5,3881.0,3881.5,3881.0,3880.5833333333335,3880.15,-0.052414252770890964,0.5,0.0,0.0,0.0
2022-09-19 11:32:12,54,249,3881.75,3882.0,3881.75,3882.0,3881.5,3880.9166666666665,3880.55,0.563621481486014,0.25,0.0,0.75,0.25
2022-09-19 11:32:14,-4,133,3881.75,3881.75,3881.75,3881.75,3882.0,3881.5,3881.05,0.9933992707630317,0.0,0.0,0.0,-0.25
2022-09-19 11:32:16,2,202,3881.25,3881.25,3881.0,3881.0,3881.75,3881.75,3881.3,0.49999999255496164,0.0,0.25,-0.5,-0.5
2022-09-19 11:32:18,-7,122,3881.25,3881.5,3881.25,3881.5,3881.0,3881.5833333333335,3881.45,-0.24019223786850905,0.25,0.0,0.0,0.25
2022-09-19 11:32:20,-6,174,3881.75,3881.75,3881.75,3881.75,3881.5,3881.4166666666665,3881.55,0.05241423871224155,0.0,0.0,0.5,0.25
2022-09-19 11:32:22,13,185,3881.25,3881.75,3881.25,3881.75,3881.75,3881.4166666666665,3881.6,-0.49999998935969153,0.5,0.0,-0.5,-0.5
2022-09-19 11:32:24,40,298,3881.75,3882.0,3881.75,3882.0,3881.75,3881.6666666666665,3881.55,0.9449111769152057,0.25,0.0,0.5,0.0
2022-09-19 11:32:26,-5,232,3882.5,3882.5,3882.0,3882.0,3882.0,3881.8333333333335,3881.6,0.49999997021996023,0.0,0.5,0.75,0.5
2022-09-19 11:32:28,-10,81,3882.0,3882.0,3881.75,3881.75,3882.0,3881.9166666666665,3881.8,0.500000104330411,0.0,0.25,-0.5,0.0
2022-09-19 11:32:30,20,209,3882.0,3882.25,3882.0,3882.25,3881.75,3881.9166666666665,3881.85,-0.49999997021996023,0.25,0.0,0.0,0.25
2022-09-19 11:32:32,2,102,3882.25,3882.25,3882.0,3882.0,3882.25,3882.0,3881.95,-0.8660254296198023,0.0,0.25,0.25,0.0
2022-09-19 11:32:34,-3,103,3882.25,3882.25,3882.25,3882.25,3882.0,3882.0,3882.0,-0.5000000149086645,0.0,0.0,0.0,0.25
2022-09-19 11:32:36,-44,122,3882.25,3882.25,3882.0,3882.0,3882.25,3882.1666666666665,3882.05,-0.8660254296198023,0.0,0.25,0.0,0.0
2022-09-19 11:32:38,-24,93,3881.5,3881.5,3881.5,3881.5,3882.0,3882.0833333333335,3882.05,-0.9999999404399205,0.0,0.0,-0.75,-0.5
2022-09-19 11:32:40,-83,182,3881.25,3881.25,3881.0,3881.0,3881.5,3881.9166666666665,3882.0,0.18898222524524397,0.0,0.25,-0.25,-0.25
2022-09-19 11:32:42,-2,11,3881.0,3881.0,3880.75,3880.75,3881.0,3881.5,3881.75,0.9819805060672924,0.0,0.25,-0.25,0.0
2022-09-19 11:32:44,34,182,3881.0,3881.25,3881.0,3881.25,3880.75,3881.0833333333335,3881.5,0.9819805060672924,0.25,0.0,0.0,0.25
2022-09-19 11:32:46,8,36,3881.25,3881.25,3881.25,3881.25,3881.25,3881.0,3881.3,-0.32732684511265026,0.0,0.0,0.25,0.0
2022-09-19 11:32:48,-11,189,3881.5,3881.5,3881.5,3881.5,3881.25,3881.0833333333335,3881.15,-3.871435241978953e-08,0.0,0.0,0.25,0.25
2022-09-19 11:32:50,-2,53,3881.5,3881.5,3881.5,3881.5,3881.5,3881.3333333333335,3881.15,0.4999999702127127,0.0,0.0,0.0,0.0
2022-09-19 11:32:52,-27,96,3881.25,3881.25,3881.0,3881.0,3881.5,3881.4166666666665,3881.25,0.5000001043324573,0.0,0.25,-0.25,-0.25
2022-09-19 11:32:54,-21,331,3880.75,3881.0,3880.75,3881.0,3881.0,3881.3333333333335,3881.3,-0.4999999702127127,0.25,0.0,-0.5,-0.25
2022-09-19 11:32:56,97,507,3881.5,3881.5,3881.5,3881.5,3881.0,3881.1666666666665,3881.25,0.5000000037310315,0.0,0.0,0.75,0.5
2022-09-19 11:32:58,-3,57,3881.75,3881.75,3881.5,3881.5,3881.5,3881.1666666666665,3881.3,-0.5000000037310315,0.0,0.25,0.25,0.25
2022-09-19 11:33:00,-14,118,3881.75,3881.75,3881.5,3881.5,3881.5,3881.3333333333335,3881.3,0.5000000037310315,0.0,0.25,0.0,0.25
2022-09-19 11:33:02,40,237,3881.5,3881.75,3881.5,3881.75,3881.5,3881.5,3881.3,0.5000000037310315,0.25,0.0,-0.25,0.0
2022-09-19 11:33:04,-3,48,3882.0,3882.0,3882.0,3882.0,3881.75,3881.5833333333335,3881.45,0.5000000037310315,0.0,0.0,0.5,0.25
2022-09-19 11:33:06,84,329,3882.25,3883.0,3882.25,3883.0,3882.0,3881.75,3881.65,0.8660253521934604,0.75,0.0,0.25,0.25
2022-09-19 11:33:08,-34,266,3882.75,3882.75,3882.75,3882.75,3883.0,3882.25,3881.95,0.944911176899798,0.0,0.0,0.5,-0.25
2022-09-19 11:33:10,4,157,3882.75,3882.75,3882.75,3882.75,3882.75,3882.5833333333335,3882.2,0.453920646797428,0.0,0.0,0.0,0.0
2022-09-19 11:33:12,-35,279,3882.25,3882.25,3882.0,3882.0,3882.75,3882.8333333333335,3882.45,-0.9707253599529758,0.0,0.25,-0.5,-0.5
2022-09-19 11:33:14,2,58,3882.5,3882.5,3882.25,3882.25,3882.0,3882.5,3882.5,0.49999997021230536,0.0,0.25,0.25,0.5
2022-09-19 11:33:16,-37,119,3882.25,3882.25,3882.25,3882.25,3882.25,3882.3333333333335,3882.55,0.18898222524163247,0.0,0.0,-0.25,0.0
2022-09-19 11:33:18,-26,168,3882.25,3882.25,3881.75,3881.75,3882.25,3882.1666666666665,3882.4,-0.9449111769174156,0.0,0.5,0.0,0.0
2022-09-19 11:33:20,-5,71,3882.0,3882.0,3882.0,3882.0,3881.75,3882.0833333333335,3882.2,-0.4999999702127127,0.0,0.0,-0.25,0.25
2022-09-19 11:33:22,-11,68,3882.0,3882.0,3882.0,3882.0,3882.0,3882.0,3882.05,0.0,0.0,0.0,0.0,0.0
2022-09-19 11:33:24,-10,104,3882.0,3882.0,3881.75,3881.75,3882.0,3881.9166666666665,3882.05,-0.8660254296198023,0.0,0.25,0.0,0.0
2022-09-19 11:33:26,-2,137,3882.0,3882.25,3882.0,3882.25,3881.75,3881.9166666666665,3881.95,-0.49999997021996023,0.25,0.0,0.0,0.25
2022-09-19 11:33:28,-4,193,3882.5,3882.5,3882.5,3882.5,3882.25,3882.0,3881.95,-0.8660254296198023,0.0,0.0,0.5,0.25
2022-09-19 11:33:30,6,200,3882.25,3882.25,3882.25,3882.25,3882.5,3882.1666666666665,3882.1,0.32732684511255455,0.0,0.0,-0.25,-0.25
2022-09-19 11:33:32,9,43,3882.5,3882.75,3882.5,3882.75,3882.25,3882.3333333333335,3882.15,0.188982225244802,0.25,0.0,0.25,0.25
2022-09-19 11:33:34,10,163,3882.75,3882.75,3882.75,3882.75,3882.75,3882.5,3882.3,-0.8660254296174394,0.0,0.0,0.25,0.0
2022-09-19 11:33:36,5,89,3882.75,3883.0,3882.75,3883.0,3882.75,3882.5833333333335,3882.5,-3.871435241974332e-08,0.25,0.0,0.0,0.0
2022-09-19 11:33:38,25,272,3882.75,3883.25,3882.75,3883.25,3883.0,3882.8333333333335,3882.65,0.4999999702114337,0.5,0.0,0.0,-0.25
2022-09-19 11:33:40,20,142,3883.25,3883.25,3883.25,3883.25,3883.25,3883.0,3882.8,0.8660253521910976,0.0,0.0,0.5,0.0
2022-09-19 11:33:42,90,400,3883.5,3884.0,3883.5,3884.0,3883.25,3883.1666666666665,3883.0,0.8660254296198023,0.5,0.0,0.25,0.25
2022-09-19 11:33:44,-43,245,3883.75,3883.75,3883.5,3883.5,3884.0,3883.5,3883.25,0.5000000149135152,0.0,0.25,0.25,-0.25
2022-09-19 11:33:46,18,177,3883.5,3883.5,3883.5,3883.5,3883.5,3883.5833333333335,3883.4,-0.18898224213776466,0.0,0.0,-0.25,0.0
2022-09-19 11:33:48,-5,87,3883.0,3883.0,3883.0,3883.0,3883.5,3883.6666666666665,3883.5,-0.7559289263127437,0.0,0.0,-0.5,-0.5
2022-09-19 11:33:50,5,86,3883.0,3883.25,3883.0,3883.25,3883.0,3883.3333333333335,3883.45,0.5000000037310315,0.25,0.0,0.0,0.0
2022-09-19 11:33:52,-59,216,3883.0,3883.0,3882.5,3882.5,3883.25,3883.25,3883.45,-3.871435241978953e-08,0.0,0.5,0.0,-0.25
2022-09-19 11:33:54,-23,220,3882.5,3882.5,3882.25,3882.25,3882.5,3882.9166666666665,3883.15,-0.3273268158473506,0.0,0.25,-0.5,0.0
2022-09-19 11:33:56,-3,146,3882.25,3882.25,3882.0,3882.0,3882.25,3882.6666666666665,3882.9,0.41931393781512283,0.0,0.25,-0.25,0.0
2022-09-19 11:33:58,28,147,3882.0,3882.0,3882.0,3882.0,3882.0,3882.25,3882.6,0.9607689299991773,0.0,0.0,-0.25,0.0
2022-09-19 11:34:00,-21,197,3882.5,3882.5,3882.0,3882.0,3882.0,3882.0833333333335,3882.4,0.8660253521958234,0.0,0.5,0.5,0.5
2022-09-19 11:34:02,10,56,3882.0,3882.0,3882.0,3882.0,3882.0,3882.0,3882.15,0.8660253521958234,0.0,0.0,-0.5,0.0
2022-09-19 11:34:04,-31,133,3882.25,3882.25,3882.0,3882.0,3882.0,3882.0,3882.05,0.8660253521958234,0.0,0.25,0.25,0.25
2022-09-19 11:34:06,-32,92,3882.0,3882.0,3882.0,3882.0,3882.0,3882.0,3882.0,0.8660253521958234,0.0,0.0,-0.25,0.0
2022-09-19 11:34:08,-4,54,3881.75,3881.75,3881.75,3881.75,3882.0,3882.0,3882.0,0.8660253521958234,0.0,0.0,-0.25,-0.25
2022-09-19 11:34:10,7,111,3881.75,3881.75,3881.75,3881.75,3881.75,3881.9166666666665,3881.95,0.8660253521958234,0.0,0.0,0.0,0.0
2022-09-19 11:34:12,3,58,3881.75,3882.0,3881.75,3882.0,3881.75,3881.8333333333335,3881.9,0.5000001043345037,0.25,0.0,0.0,0.0
2022-09-19 11:34:14,6,141,3881.75,3882.25,3881.75,3882.25,3882.0,3881.8333333333335,3881.9,-0.5000001043345037,0.5,0.0,0.0,-0.25
2022-09-19 11:34:16,-2,3,3882.0,3882.0,3882.0,3882.0,3882.25,3882.0,3881.95,0.8660254296245282,0.0,0.0,0.25,-0.25
2022-09-19 11:34:18,29,216,3882.25,3882.25,3882.25,3882.25,3882.0,3882.0833333333335,3881.95,0.0,0.0,0.0,0.25,0.25
2022-09-19 11:34:20,104,250,3882.75,3882.75,3882.5,3882.5,3882.25,3882.1666666666665,3882.05,-0.9999999404481059,0.0,0.25,0.5,0.5
2022-09-19 11:34:22,-47,118,3882.25,3882.5,3882.25,3882.5,3882.5,3882.25,3882.2,0.0,0.25,0.0,-0.5,-0.25
2022-09-19 11:34:24,12,57,3882.0,3882.25,3882.0,3882.25,3882.5,3882.4166666666665,3882.3,0.8660254296245282,0.25,0.0,-0.25,-0.5
2022-09-19 11:34:26,-10,126,3882.75,3882.75,3882.75,3882.75,3882.25,3882.4166666666665,3882.3,-0.49999997022405296,0.0,0.0,0.75,0.5
2022-09-19 11:34:28,2,51,3882.5,3882.5,3882.5,3882.5,3882.75,3882.5,3882.45,-0.8660253521958234,0.0,0.0,-0.25,-0.25
2022-09-19 11:34:30,20,95,3882.75,3882.75,3882.75,3882.75,3882.5,3882.5,3882.5,-0.5000000149100288,0.0,0.0,0.25,0.25
2022-09-19 11:34:32,-17,90,3882.75,3882.75,3882.75,3882.75,3882.75,3882.6666666666665,3882.55,-0.8660253521958234,0.0,0.0,0.0,0.0
2022-09-19 11:34:34,-12,102,3882.75,3882.75,3882.5,3882.5,3882.75,3882.6666666666665,3882.6,-0.49999997022405296,0.0,0.25,0.0,0.0
2022-09-19 11:34:36,15,51,3882.75,3882.75,3882.75,3882.75,3882.5,3882.6666666666665,3882.65,-0.49999997022405296,0.0,0.0,0.0,0.25
2022-09-19 11:34:38,-166,541,3882.5,3882.5,3882.0,3882.0,3882.75,3882.6666666666665,3882.65,-0.49999997022405296,0.0,0.5,-0.25,-0.25
2022-09-19 11:34:40,2,8,3882.0,3882.0,3882.0,3882.0,3882.0,3882.4166666666665,3882.55,-0.7559289009845116,0.0,0.0,-0.5,0.0
2022-09-19 11:34:42,17,294,3882.0,3882.5,3882.0,3882.5,3882.0,3882.25,3882.4,0.1889822421380593,0.5,0.0,0.0,0.0
2022-09-19 11:34:44,2,58,3882.25,3882.25,3882.25,3882.25,3882.5,3882.1666666666665,3882.35,-0.49999999255435534,0.0,0.0,0.25,-0.25
2022-09-19 11:34:46,-23,139,3882.25,3882.25,3882.25,3882.25,3882.25,3882.25,3882.3,0.0,0.0,0.0,0.0,0.0
2022-09-19 11:34:48,-37,65,3882.0,3882.0,3882.0,3882.0,3882.25,3882.3333333333335,3882.2,-0.8660254296245282,0.0,0.0,-0.25,-0.25
2022-09-19 11:34:50,57,131,3881.75,3882.0,3881.75,3882.0,3882.0,3882.1666666666665,3882.2,0.49999997022405296,0.25,0.0,-0.25,-0.25
2022-09-19 11:34:52,-10,78,3881.75,3881.75,3881.75,3881.75,3882.0,3882.0833333333335,3882.2,0.5000001043345037,0.0,0.0,0.0,-0.25
2022-09-19 11:34:54,-29,187,3881.5,3881.75,3881.5,3881.75,3881.75,3881.9166666666665,3882.05,0.49999997022405296,0.25,0.0,-0.25,-0.25
2022-09-19 11:34:56,-91,240,3881.75,3881.75,3881.5,3881.5,3881.75,3881.8333333333335,3881.95,0.5000001043345037,0.0,0.25,0.25,0.0
2022-09-19 11:34:58,19,210,3881.0,3881.25,3881.0,3881.25,3881.5,3881.6666666666665,3881.8,0.49999997022405296,0.25,0.0,-0.75,-0.5
2022-09-19 11:35:00,5,161,3881.25,3881.25,3881.0,3881.0,3881.25,3881.5,3881.65,0.8660254296245282,0.0,0.25,0.25,0.0
2022-09-19 11:35:02,9,144,3881.0,3881.25,3881.0,3881.25,3881.0,3881.25,3881.45,0.999999985116574,0.25,0.0,-0.25,0.0
2022-09-19 11:35:04,35,240,3880.75,3881.25,3880.75,3881.25,3881.25,3881.1666666666665,3881.35,0.0,0.5,0.0,-0.25,-0.5
2022-09-19 11:35:06,-2,14,3880.75,3880.75,3880.75,3880.75,3881.25,3881.1666666666665,3881.25,-0.49999997022405296,0.0,0.0,0.0,-0.5
2022-09-19 11:35:08,-47,111,3880.5,3880.5,3880.25,3880.25,3880.75,3881.0833333333335,3881.1,-0.4999999702139917,0.0,0.25,-0.25,-0.25
2022-09-19 11:35:10,15,209,3880.5,3880.5,3880.25,3880.25,3880.25,3880.75,3880.9,0.8660253908868418,0.0,0.25,0.0,0.25
2022-09-19 11:35:12,-8,86,3880.5,3880.5,3880.25,3880.25,3880.25,3880.4166666666665,3880.75,0.866025410244018,0.0,0.25,0.0,0.25
2022-09-19 11:35:14,-49,176,3880.25,3880.25,3880.0,3880.0,3880.25,3880.25,3880.55,inf,0.0,0.25,-0.25,0.0
2022-09-19 11:35:16,-34,258,3879.75,3879.75,3879.75,3879.75,3880.0,3880.1666666666665,3880.3,inf,0.0,0.0,-0.5,-0.25
2022-09-19 11:35:18,6,183,3879.75,3879.75,3879.75,3879.75,3879.75,3880.0,3880.1,0.8660254296245282,0.0,0.0,0.0,0.0
2022-09-19 11:35:20,34,83,3879.75,3879.75,3879.75,3879.75,3879.75,3879.8333333333335,3880.0,0.8660253521958234,0.0,0.0,0.0,0.0
2022-09-19 11:35:22,-5,165,3879.75,3879.75,3879.75,3879.75,3879.75,3879.75,3879.9,0.8660253521958234,0.0,0.0,0.0,0.0
2022-09-19 11:35:24,28,180,3879.5,3879.75,3879.5,3879.75,3879.75,3879.75,3879.8,0.8660253521958234,0.25,0.0,-0.25,-0.25
2022-09-19 11:35:26,-3,114,3879.75,3879.75,3879.75,3879.75,3879.75,3879.75,3879.75,0.8660253521958234,0.0,0.0,0.25,0.0
2022-09-19 11:35:28,-12,143,3879.75,3879.75,3879.5,3879.5,3879.75,3879.75,3879.75,0.8660253521958234,0.0,0.25,0.0,0.0
2022-09-19 11:35:30,-6,57,3879.5,3879.5,3879.25,3879.25,3879.5,3879.6666666666665,3879.7,0.8660253521958234,0.0,0.25,-0.25,0.0
2022-09-19 11:35:32,-367,722,3879.0,3879.0,3878.75,3878.75,3879.25,3879.5,3879.6,0.8660254296245282,0.0,0.25,-0.5,-0.25
2022-09-19 11:35:34,-68,282,3878.5,3878.5,3878.5,3878.5,3878.75,3879.1666666666665,3879.4,0.9819805353398645,0.0,0.0,-0.5,-0.25
2022-09-19 11:35:36,-17,209,3878.5,3878.5,3878.25,3878.25,3878.5,3878.8333333333335,3879.15,0.9285714307075253,0.0,0.25,0.0,0.0
2022-09-19 11:35:38,-1,152,3878.25,3878.5,3878.25,3878.5,3878.25,3878.5,3878.85,0.9819805060745649,0.25,0.0,-0.25,0.0
2022-09-19 11:35:40,-89,592,3878.5,3878.5,3878.0,3878.0,3878.5,3878.4166666666665,3878.65,0.0,0.0,0.5,0.25,0.0
2022-09-19 11:35:42,9,75,3878.75,3878.75,3878.75,3878.75,3878.0,3878.25,3878.4,-0.8660254296245282,0.0,0.0,0.25,0.75
2022-09-19 11:35:44,-31,198,3878.25,3879.0,3878.25,3879.0,3878.75,3878.4166666666665,3878.4,-0.9819805060742778,0.75,0.0,-0.5,-0.5
2022-09-19 11:35:46,-51,176,3879.0,3879.0,3879.0,3879.0,3879.0,3878.5833333333335,3878.5,0.052414238712265124,0.0,0.0,0.75,0.0
2022-09-19 11:35:48,29,213,3879.5,3879.5,3879.5,3879.5,3879.0,3878.9166666666665,3878.65,0.9707253599551152,0.0,0.0,0.5,0.5
2022-09-19 11:35:50,-23,157,3879.0,3879.0,3878.75,3878.75,3879.5,3879.1666666666665,3878.85,0.500000037270496,0.0,0.25,-0.5,-0.5
2022-09-19 11:35:52,2,66,3878.75,3878.75,3878.75,3878.75,3878.75,3879.0833333333335,3879.0,-0.755928926313959,0.0,0.0,-0.25,0.0
2022-09-19 11:35:54,14,82,3878.75,3878.75,3878.75,3878.75,3878.75,3879.0,3879.0,-0.18898224213796108,0.0,0.0,0.0,0.0
2022-09-19 11:35:56,12,81,3878.75,3879.0,3878.75,3879.0,3878.75,3878.75,3878.95,-0.18898224213796108,0.25,0.0,0.0,0.0
2022-09-19 11:35:58,7,115,3878.75,3878.75,3878.75,3878.75,3879.0,3878.8333333333335,3878.95,-inf,0.0,0.0,0.0,-0.25
2022-09-19 11:36:00,-64,240,3878.5,3878.5,3878.0,3878.0,3878.75,3878.8333333333335,3878.8,-0.5000001043345037,0.0,0.5,-0.25,-0.25
2022-09-19 11:36:02,-33,151,3878.0,3878.0,3877.75,3877.75,3878.0,3878.5833333333335,3878.65,0.2773500815891093,0.0,0.25,-0.5,0.0
2022-09-19 11:36:04,-2,206,3878.0,3878.25,3878.0,3878.25,3877.75,3878.1666666666665,3878.45,0.8461538473033452,0.25,0.0,0.0,0.25
2022-09-19 11:36:06,37,190,3878.25,3878.5,3878.25,3878.5,3878.25,3878.0,3878.35,-0.24019221639365015,0.25,0.0,0.25,0.0
2022-09-19 11:36:08,54,220,3878.75,3879.0,3878.75,3879.0,3878.5,3878.1666666666665,3878.25,0.3273268451131925,0.25,0.0,0.5,0.25
2022-09-19 11:36:10,-43,232,3878.75,3878.75,3878.75,3878.75,3879.0,3878.5833333333335,3878.3,0.9285714307069824,0.0,0.0,0.0,-0.25
2022-09-19 11:36:12,5,88,3878.75,3878.75,3878.5,3878.5,3878.75,3878.75,3878.45,0.32732681584789286,0.0,0.25,0.0,0.0
2022-09-19 11:36:14,80,422,3878.75,3879.25,3878.75,3879.25,3878.5,3878.75,3878.6,-0.5000000149100288,0.5,0.0,0.0,0.25
2022-09-19 11:36:16,-71,334,3879.5,3879.5,3879.5,3879.5,3879.25,3878.8333333333335,3878.8,-0.6546536902265764,0.0,0.0,0.75,0.25
2022-09-19 11:36:18,-2,55,3879.5,3879.5,3879.5,3879.5,3879.5,3879.0833333333335,3879.0,0.4193139237569048,0.0,0.0,0.0,0.0
2022-09-19 11:36:20,121,206,3879.75,3880.0,3879.75,3880.0,3879.5,3879.4166666666665,3879.1,0.9707253599572544,0.25,0.0,0.25,0.25
2022-09-19 11:36:22,25,148,3879.75,3879.75,3879.75,3879.75,3880.0,3879.6666666666665,3879.35,0.500000037271775,0.0,0.0,0.0,-0.25
2022-09-19 11:36:24,2,42,3879.25,3879.25,3879.25,3879.25,3879.75,3879.75,3879.6,0.0,0.0,0.0,-0.5,-0.5
2022-09-19 11:36:26,23,203,3879.25,3879.25,3878.75,3878.75,3879.25,3879.6666666666665,3879.6,-0.32732684511360716,0.0,0.5,0.0,0.0
2022-09-19 11:36:28,7,51,3878.75,3878.75,3878.75,3878.75,3878.75,3879.25,3879.45,0.9819805060686561,0.0,0.0,-0.5,0.0
2022-09-19 11:36:30,-72,284,3878.75,3878.75,3878.75,3878.75,3878.75,3878.9166666666665,3879.3,0.8660254102457903,0.0,0.0,0.0,0.0
2022-09-19 11:36:32,-21,83,3878.75,3878.75,3878.75,3878.75,3878.75,3878.75,3879.05,inf,0.0,0.0,0.0,0.0
2022-09-19 11:36:34,22,119,3878.5,3878.5,3878.25,3878.25,3878.75,3878.75,3878.85,inf,0.0,0.25,-0.25,-0.25
2022-09-19 11:36:36,0,80,3878.25,3878.25,3878.25,3878.25,3878.25,3878.5833333333335,3878.65,-inf,0.0,0.0,-0.25,0.0
2022-09-19 11:36:38,-2,20,3878.25,3878.25,3878.25,3878.25,3878.25,3878.4166666666665,3878.55,0.5000000037330778,0.0,0.0,0.0,0.0
2022-09-19 11:36:40,18,44,3878.25,3878.25,3878.25,3878.25,3878.25,3878.25,3878.45,0.5000000037330778,0.0,0.0,0.0,0.0
2022-09-19 11:36:42,6,95,3878.25,3878.25,3878.25,3878.25,3878.25,3878.25,3878.35,0.5000000037330778,0.0,0.0,0.0,0.0
2022-09-19 11:36:44,12,72,3878.25,3878.5,3878.25,3878.5,3878.25,3878.25,3878.25,0.5000000037330778,0.25,0.0,0.0,0.0
2022-09-19 11:36:46,6,38,3878.75,3878.75,3878.75,3878.75,3878.5,3878.3333333333335,3878.3,0.5000000037330778,0.0,0.0,0.5,0.25
2022-09-19 11:36:48,-141,412,3878.5,3878.5,3877.75,3877.75,3878.75,3878.5,3878.4,0.8660253522029122,0.0,0.75,-0.25,-0.25
2022-09-19 11:36:50,-269,682,3877.5,3877.5,3877.25,3877.25,3877.75,3878.3333333333335,3878.3,-0.7205766921324831,0.0,0.25,-1.0,-0.25
2022-09-19 11:36:52,-45,427,3876.75,3877.0,3876.75,3877.0,3877.25,3877.9166666666665,3878.1,0.5765566609801392,0.25,0.0,-0.75,-0.5
2022-09-19 11:36:54,23,199,3876.75,3876.75,3876.75,3876.75,3877.0,3877.3333333333335,3877.85,0.9999999978772637,0.0,0.0,0.0,-0.25
2022-09-19 11:36:56,54,171,3877.5,3877.5,3877.25,3877.25,3876.75,3877.0,3877.5,0.9819805060774356,0.0,0.25,0.75,0.75
2022-09-19 11:36:58,13,209,3877.25,3877.75,3877.25,3877.75,3877.25,3877.0,3877.2,-0.5000000149120751,0.5,0.0,-0.25,0.0
2022-09-19 11:37:00,15,161,3877.75,3878.25,3877.75,3878.25,3877.75,3877.25,3877.2,0.4999999925562406,0.5,0.0,0.5,0.0
2022-09-19 11:37:02,70,491,3878.5,3878.5,3878.25,3878.25,3878.25,3877.75,3877.4,0.9999999962801667,0.0,0.25,0.75,0.25
2022-09-19 11:37:04,-6,118,3878.25,3878.25,3878.0,3878.0,3878.25,3878.0833333333335,3877.65,0.8660253908892047,0.0,0.25,-0.25,0.0
2022-09-19 11:37:06,18,205,3878.0,3878.25,3878.0,3878.25,3878.0,3878.1666666666665,3877.9,-0.4999999702191076,0.25,0.0,-0.25,0.0
2022-09-19 11:37:08,-38,123,3877.75,3877.75,3877.5,3877.5,3878.25,3878.1666666666665,3878.1,-0.4999999702322384,0.0,0.25,-0.25,-0.5
2022-09-19 11:37:10,-44,81,3877.25,3877.25,3877.0,3877.0,3877.5,3877.9166666666665,3878.05,-0.7559289009915832,0.0,0.25,-0.5,-0.25
2022-09-19 11:37:12,-119,480,3877.0,3877.0,3876.5,3876.5,3877.0,3877.5833333333335,3877.8,0.5636214814866903,0.0,0.5,-0.25,0.0
2022-09-19 11:37:14,-3,396,3876.0,3876.0,3876.0,3876.0,3876.5,3877.0,3877.45,0.9933992618821793,0.0,0.0,-1.0,-0.5
2022-09-19 11:37:16,-28,237,3876.0,3876.0,3876.0,3876.0,3876.0,3876.5,3877.05,0.9999999962801667,0.0,0.0,0.0,0.0
2022-09-19 11:37:18,18,137,3876.0,3876.0,3876.0,3876.0,3876.0,3876.1666666666665,3876.6,0.8660254102463809,0.0,0.0,0.0,0.0
2022-09-19 11:37:20,3,172,3876.25,3876.25,3876.25,3876.25,3876.0,3876.0,3876.3,0.8660254102463809,0.0,0.0,0.25,0.25
2022-09-19 11:37:22,2,115,3876.25,3876.25,3876.25,3876.25,3876.25,3876.0833333333335,3876.15,0.8660254102463809,0.0,0.0,0.0,0.0
2022-09-19 11:37:24,-11,307,3876.0,3876.25,3876.0,3876.25,3876.25,3876.1666666666665,3876.1,0.5000001043426892,0.25,0.0,-0.25,-0.25
2022-09-19 11:37:26,-7,215,3876.5,3876.5,3876.25,3876.25,3876.25,3876.25,3876.15,0.5000001043426892,0.0,0.25,0.5,0.25
2022-09-19 11:37:28,-18,67,3876.0,3876.0,3876.0,3876.0,3876.25,3876.25,3876.2,0.5000001043426892,0.0,0.0,-0.5,-0.25
2022-09-19 11:37:30,40,162,3876.5,3876.5,3876.5,3876.5,3876.0,3876.1666666666665,3876.2,0.5000001043426892,0.0,0.0,0.5,0.5
2022-09-19 11:37:32,21,579,3876.5,3876.5,3876.0,3876.0,3876.5,3876.25,3876.25,-0.8660253522052752,0.0,0.5,0.0,0.0
2022-09-19 11:37:34,7,277,3876.0,3876.0,3876.0,3876.0,3876.0,3876.1666666666665,3876.2,-0.8660253908973272,0.0,0.0,-0.5,0.0
2022-09-19 11:37:36,-19,133,3876.0,3876.0,3875.75,3875.75,3876.0,3876.1666666666665,3876.15,-0.49999997020648834,0.0,0.25,0.0,0.0
2022-09-19 11:37:38,-1,113,3875.75,3876.0,3875.75,3876.0,3875.75,3875.9166666666665,3876.05,0.5000000372756119,0.25,0.0,-0.25,0.0
2022-09-19 11:37:40,-9,49,3875.5,3875.5,3875.5,3875.5,3876.0,3875.9166666666665,3876.05,-0.4999999702342848,0.0,0.0,-0.25,-0.5
2022-09-19 11:37:42,-396,981,3875.5,3875.5,3875.0,3875.0,3875.5,3875.75,3875.85,-0.8660253522076381,0.0,0.5,0.0,0.0
2022-09-19 11:37:44,19,437,3875.0,3875.0,3875.0,3875.0,3875.0,3875.5,3875.65,0.49999999255709326,0.0,0.0,-0.5,0.0
2022-09-19 11:37:46,27,231,3875.0,3875.0,3874.75,3874.75,3875.0,3875.1666666666665,3875.45,0.8660254102475623,0.0,0.25,0.0,0.0
2022-09-19 11:37:48,13,128,3874.75,3875.0,3874.75,3875.0,3874.75,3874.9166666666665,3875.25,0.5000000372768909,0.25,0.0,-0.25,0.0
2022-09-19 11:37:50,59,192,3875.0,3875.5,3875.0,3875.5,3875.0,3874.9166666666665,3875.05,-0.49999997023633114,0.5,0.0,0.25,0.0
2022-09-19 11:37:52,5,147,3875.5,3875.5,3875.5,3875.5,3875.5,3875.0833333333335,3875.05,0.18898222524877975,0.0,0.0,0.5,0.0
2022-09-19 11:37:54,8,56,3875.25,3875.25,3875.25,3875.25,3875.5,3875.3333333333335,3875.15,0.7559289263182131,0.0,0.0,-0.25,-0.25
2022-09-19 11:37:56,-9,158,3875.25,3875.25,3875.25,3875.25,3875.25,3875.4166666666665,3875.2,-0.4999999702242235,0.0,0.0,0.0,0.0
2022-09-19 11:37:58,3,124,3875.5,3875.5,3875.5,3875.5,3875.25,3875.3333333333335,3875.3,0.5000001043508746,0.0,0.0,0.25,0.25
2022-09-19 11:38:00,17,65,3875.25,3875.25,3875.25,3875.25,3875.5,3875.3333333333335,3875.4,-0.5000001043508746,0.0,0.0,-0.25,-0.25
